Rooms,People,Area(gaz),Floors,Peak Time(Hours),Air Conditioner (Inverter),Air Conditioner (non-Inverter),Refrigerator,Deep Freezer,Water Dispenser,Washing Machine,Television,Iron,Microwave Oven,Electric Oven,Electric Stove,Water heater/Electric Geyser,Desktop Computer,Gaming Consoles/Laptops,Electric Kettle,Light sources,Fans,TotalUnits
6,5,400,1,16,3,0,1,0,1,1,1,1,1,0,1,1,0,2,0,17,5,875
10,5,350,2,2,2,1,1,1,0,1,1,1,1,0,0,0,2,3,0,20,6,945
6,6,500,1,6,1,1,1,0,0,1,1,1,1,0,0,0,1,0,0,6,7,711
16,14,100,3,18,9,0,2,1,2,1,9,3,3,2,1,2,1,3,0,50,15,807
6,3,250,2,4,1,1,2,1,1,1,1,1,1,1,0,0,0,1,0,19,9,1236
9,8,400,2,8,4,0,2,1,1,1,3,1,1,1,0,1,1,2,0,25,19,870
3,4,90,1,14,1,1,1,0,1,1,1,1,1,0,0,1,0,1,0,10,8,900
3,6,300,1,10,0,0,1,0,0,1,0,1,0,0,0,1,1,1,0,6,10,517
5,4,400,1,4,4,0,2,1,1,1,2,2,1,1,2,1,2,1,2,15,16,909
5,5,240,1,6,1,0,1,0,0,1,1,1,1,1,0,0,0,3,0,49,8,1040
5,7,250,3,7,3,0,1,0,1,1,1,1,1,0,0,1,0,0,0,54,8,1202
14,12,500,2,2,7,2,1,1,1,1,8,2,1,0,0,1,0,1,0,48,20,1350
6,5,400,1,16,3,0,1,0,1,1,1,1,1,0,1,1,0,2,0,17,5,875
5,3,150,1,6,1,1,1,0,1,1,1,1,1,1,1,1,0,2,0,14,5,1146
8,4,300,2,6,2,2,2,1,1,1,2,1,1,1,0,1,0,3,1,33,19,1690
4,3,200,3,14,0,1,1,0,1,1,1,1,1,0,0,0,0,0,0,28,15,625
5,5,140,1,2,1,0,1,0,0,1,1,0,0,0,0,0,0,2,0,7,5,376
4,4,100,1,12,1,0,1,0,0,1,0,1,1,0,0,1,0,1,0,24,5,796
4,6,120,1,4,1,0,1,0,1,1,2,1,1,1,0,1,1,2,0,7,10,1210
8,4,300,2,6,2,2,2,1,1,1,2,1,1,1,0,1,0,3,1,33,19,1690
11,5,550,2,6,0,8,2,1,2,1,2,1,2,2,2,1,0,4,1,42,17,878
6,4,120,2,8,1,0,1,0,0,1,1,1,0,0,0,1,1,2,0,13,9,530
7,5,525,3,10,0,2,2,2,1,1,3,1,1,2,0,2,0,0,1,14,10,781
5,4,200,1,6,0,2,1,0,0,1,1,1,0,0,0,0,0,2,0,15,6,817
3,4,90,1,14,1,1,1,0,1,1,1,1,1,0,0,1,0,1,0,10,8,900
3,4,120,1,20,0,1,1,1,0,1,1,1,0,0,1,0,0,3,0,11,8,436
6,3,250,2,4,1,1,2,1,1,1,1,1,1,1,0,0,0,1,0,19,9,1236
5,5,125,4,2,0,1,1,0,1,1,1,1,1,0,0,0,0,1,0,9,7,720
5,5,100,4,2,0,0,1,1,0,0,1,1,1,0,0,0,1,0,0,5,7,360
4,4,200,1,2,0,2,1,0,0,1,1,1,1,0,0,1,1,1,0,9,7,1650
6,6,500,1,6,1,1,1,0,0,1,1,1,1,0,0,0,1,0,0,6,7,711
4,6,45,1,2,1,0,1,1,1,1,1,1,1,0,0,0,4,1,0,16,6,790
8,4,300,2,6,2,2,2,1,1,1,2,1,1,1,0,1,0,3,1,33,19,1690
6,6,500,1,4,0,0,1,1,0,1,1,1,1,1,0,0,0,0,1,18,10,795
5,5,240,1,6,1,0,1,0,0,1,1,1,1,1,0,0,0,3,0,49,8,1040
6,6,500,1,4,0,0,1,1,0,1,1,1,1,1,0,0,0,0,1,18,10,795
6,3,200,2,14,0,2,1,0,1,1,1,1,1,1,0,0,0,0,0,5,10,824
3,4,1200,1,4,1,0,1,0,1,1,1,1,0,1,0,0,0,1,0,17,8,630
3,6,300,1,10,0,0,1,0,0,1,0,1,0,0,0,1,1,1,0,6,10,517
5,5,100,4,2,0,0,1,1,0,0,1,1,1,0,0,0,1,0,0,5,7,360
16,14,100,3,18,9,0,2,1,2,1,9,3,3,2,1,2,1,3,0,50,15,807
6,6,500,1,4,1,0,1,0,0,0,0,1,0,1,0,0,0,0,0,7,6,679
5,5,200,1,16,2,0,1,0,1,1,3,1,1,0,0,0,0,3,0,48,13,876
5,4,200,1,6,0,2,1,0,0,1,1,1,0,0,0,0,0,2,0,15,6,817
4,5,200,1,20,1,0,1,0,1,1,1,1,1,0,0,1,0,0,0,16,8,864
5,5,1000,3,10,0,0,0,0,0,0,0,0,0,0,0,0,0,0,0,7,8,550
4,4,100,1,12,1,0,1,0,0,1,0,1,1,0,0,1,0,1,0,24,5,796
6,5,400,1,16,3,0,1,0,1,1,1,1,1,0,1,1,0,2,0,17,5,875
5,4,200,1,6,0,2,1,0,0,1,1,1,0,0,0,0,0,2,0,15,6,817
5,4,200,1,6,0,2,1,0,0,1,1,1,0,0,0,0,0,2,0,15,6,817
5,5,240,1,6,1,0,1,0,0,1,1,1,1,1,0,0,0,3,0,49,8,1040
5,4,160,1,6,0,2,2,0,0,1,1,1,0,0,0,0,2,2,0,27,5,600
10,8,100,1,8,4,0,1,1,1,1,2,1,0,1,1,2,1,1,0,52,6,920
4,6,120,1,4,1,0,1,0,1,1,2,1,1,1,0,1,1,2,0,7,10,1210
4,5,200,1,12,1,0,1,1,1,1,1,1,1,0,0,1,0,3,1,11,6,750
3,15,200,3,16,1,0,1,1,0,1,1,1,0,0,1,0,1,1,0,5,5,950
5,4,100,1,4,0,0,8,9,7,0,1,3,2,2,0,0,0,9,1,19,10,637
5,4,200,1,6,0,2,1,0,0,1,1,1,0,0,0,0,0,2,0,15,6,817
14,12,500,2,2,7,2,1,1,1,1,8,2,1,0,0,1,0,1,0,48,20,1350
14,12,500,2,2,7,2,1,1,1,1,8,2,1,0,0,1,0,1,0,48,20,1350
6,5,400,1,16,3,0,1,0,1,1,1,1,1,0,1,1,0,2,0,17,5,875
3,4,90,1,14,1,1,1,0,1,1,1,1,1,0,0,1,0,1,0,10,8,900
3,15,200,3,16,1,0,1,1,0,1,1,1,0,0,1,0,1,1,0,5,5,950
6,6,500,1,4,0,0,1,1,0,1,1,1,1,1,0,0,0,0,1,18,10,795
3,4,90,1,14,1,1,1,0,1,1,1,1,1,0,0,1,0,1,0,10,8,900
4,4,100,1,12,1,0,1,0,0,1,0,1,1,0,0,1,0,1,0,24,5,796
5,5,100,4,2,0,0,1,1,0,0,1,1,1,0,0,0,1,0,0,5,7,360
8,4,300,2,6,2,2,2,1,1,1,2,1,1,1,0,1,0,3,1,33,19,1690
5,4,400,1,4,4,0,2,1,1,1,2,2,1,1,2,1,2,1,2,15,16,909
3,15,200,3,16,1,0,1,1,0,1,1,1,0,0,1,0,1,1,0,5,5,950
4,3,200,3,14,0,1,1,0,1,1,1,1,1,0,0,0,0,0,0,28,15,625
5,5,140,1,2,1,0,1,0,0,1,1,0,0,0,0,0,0,2,0,7,5,376
5,4,200,1,6,0,2,1,0,0,1,1,1,0,0,0,0,0,2,0,15,6,817
5,7,250,3,7,3,0,1,0,1,1,1,1,1,0,0,1,0,0,0,54,8,1202
11,5,550,2,6,0,8,2,1,2,1,2,1,2,2,2,1,0,4,1,42,17,878
4,4,200,1,2,0,2,1,0,0,1,1,1,1,0,0,1,1,1,0,9,7,1650
4,5,200,1,12,1,0,1,1,1,1,1,1,1,0,0,1,0,3,1,11,6,750
5,3,150,1,4,1,1,1,1,1,1,2,1,0,0,1,0,0,1,0,18,9,666
3,15,200,3,16,1,0,1,1,0,1,1,1,0,0,1,0,1,1,0,5,5,950
4,5,220,3,8,0,1,1,0,0,1,1,1,0,0,0,0,1,0,0,11,5,777
4,4,100,1,12,1,0,1,0,0,1,0,1,1,0,0,1,0,1,0,24,5,796
4,5,200,1,20,1,0,1,0,1,1,1,1,1,0,0,1,0,0,0,16,8,864
6,4,120,2,8,1,0,1,0,0,1,1,1,0,0,0,1,1,2,0,13,9,530
9,8,400,2,8,4,0,2,1,1,1,3,1,1,1,0,1,1,2,0,25,19,870
4,6,120,1,4,1,0,1,0,1,1,2,1,1,1,0,1,1,2,0,7,10,1210
5,5,140,1,2,1,0,1,0,0,1,1,0,0,0,0,0,0,2,0,7,5,376
5,4,500,1,7,0,1,1,1,1,1,1,1,1,0,0,0,1,1,0,8,9,1181
4,5,220,3,8,0,1,1,0,0,1,1,1,0,0,0,0,1,0,0,11,5,777
4,5,220,3,8,0,1,1,0,0,1,1,1,0,0,0,0,1,0,0,11,5,777
3,4,90,1,14,1,1,1,0,1,1,1,1,1,0,0,1,0,1,0,10,8,900
5,5,125,4,2,0,1,1,0,1,1,1,1,1,0,0,0,0,1,0,9,7,720
6,3,250,2,4,1,1,2,1,1,1,1,1,1,1,0,0,0,1,0,19,9,1236
6,6,500,1,4,0,0,1,1,0,1,1,1,1,1,0,0,0,0,1,18,10,795
5,5,200,1,16,2,0,1,0,1,1,3,1,1,0,0,0,0,3,0,48,13,876
7,6,500,2,2,1,1,1,1,0,1,1,1,1,1,1,1,1,1,1,9,10,900
3,4,1200,1,4,1,0,1,0,1,1,1,1,0,1,0,0,0,1,0,17,8,630
4,6,200,1,16,0,2,1,0,1,1,1,1,1,1,1,0,2,1,0,5,5,604
5,4,400,1,4,4,0,2,1,1,1,2,2,1,1,2,1,2,1,2,15,16,909
3,15,200,3,16,1,0,1,1,0,1,1,1,0,0,1,0,1,1,0,5,5,950
6,5,400,1,16,3,0,1,0,1,1,1,1,1,0,1,1,0,2,0,17,5,875
6,6,500,1,4,1,0,1,0,0,0,0,1,0,1,0,0,0,0,0,7,6,679
4,6,120,1,4,1,0,1,0,1,1,2,1,1,1,0,1,1,2,0,7,10,1210
6,6,500,1,6,1,1,1,0,0,1,1,1,1,0,0,0,1,0,0,6,7,711
10,5,350,2,2,2,1,1,1,0,1,1,1,1,0,0,0,2,3,0,20,6,945
6,6,500,1,4,0,0,1,1,0,1,1,1,1,1,0,0,0,0,1,18,10,795
4,4,200,1,2,0,2,1,0,0,1,1,1,1,0,0,1,1,1,0,9,7,1650
4,4,100,1,12,1,0,1,0,0,1,0,1,1,0,0,1,0,1,0,24,5,796
5,5,200,1,16,2,0,1,0,1,1,3,1,1,0,0,0,0,3,0,48,13,876
6,3,200,2,14,0,2,1,0,1,1,1,1,1,1,0,0,0,0,0,5,10,824
5,5,240,1,6,1,0,1,0,0,1,1,1,1,1,0,0,0,3,0,49,8,1040
6,5,400,1,16,3,0,1,0,1,1,1,1,1,0,1,1,0,2,0,17,5,875
4,4,200,1,8,0,2,1,1,0,1,1,1,1,0,0,1,0,2,0,25,8,617
3,3,120,1,2,0,0,1,1,0,1,0,1,0,0,0,0,0,1,0,9,9,690
5,5,200,1,16,2,0,1,0,1,1,3,1,1,0,0,0,0,3,0,48,13,876
5,4,500,1,7,0,1,1,1,1,1,1,1,1,0,0,0,1,1,0,8,9,1181
5,4,400,1,4,4,0,2,1,1,1,2,2,1,1,2,1,2,1,2,15,16,909
4,5,200,1,12,1,0,1,1,1,1,1,1,1,0,0,1,0,3,1,11,6,750
5,4,160,1,6,0,2,2,0,0,1,1,1,0,0,0,0,2,2,0,27,5,600
5,5,125,4,2,0,1,1,0,1,1,1,1,1,0,0,0,0,1,0,9,7,720
4,5,200,1,20,1,0,1,0,1,1,1,1,1,0,0,1,0,0,0,16,8,864
3,3,120,1,2,0,0,1,1,0,1,0,1,0,0,0,0,0,1,0,9,9,690
6,6,500,1,4,0,0,1,1,0,1,1,1,1,1,0,0,0,0,1,18,10,795
16,14,100,3,18,9,0,2,1,2,1,9,3,3,2,1,2,1,3,0,50,15,807
6,6,500,1,6,1,1,1,0,0,1,1,1,1,0,0,0,1,0,0,6,7,711
4,5,200,1,12,1,0,1,1,1,1,1,1,1,0,0,1,0,3,1,11,6,750
11,5,550,2,6,0,8,2,1,2,1,2,1,2,2,2,1,0,4,1,42,17,878
4,5,220,3,8,0,1,1,0,0,1,1,1,0,0,0,0,1,0,0,11,5,777
4,6,45,1,2,1,0,1,1,1,1,1,1,1,0,0,0,4,1,0,16,6,790
6,6,500,1,6,1,1,1,0,0,1,1,1,1,0,0,0,1,0,0,6,7,711
4,5,200,1,20,1,0,1,0,1,1,1,1,1,0,0,1,0,0,0,16,8,864
5,4,200,1,6,0,2,1,0,0,1,1,1,0,0,0,0,0,2,0,15,6,817
11,5,550,2,6,0,8,2,1,2,1,2,1,2,2,2,1,0,4,1,42,17,878
4,5,220,3,8,0,1,1,0,0,1,1,1,0,0,0,0,1,0,0,11,5,777
5,5,100,4,2,0,0,1,1,0,0,1,1,1,0,0,0,1,0,0,5,7,360
6,6,500,1,4,0,0,1,1,0,1,1,1,1,1,0,0,0,0,1,18,10,795
6,6,500,1,4,0,0,1,1,0,1,1,1,1,1,0,0,0,0,1,18,10,795
6,3,200,2,14,0,2,1,0,1,1,1,1,1,1,0,0,0,0,0,5,10,824
4,4,200,1,2,0,2,1,0,0,1,1,1,1,0,0,1,1,1,0,9,7,1650
4,6,45,1,2,1,0,1,1,1,1,1,1,1,0,0,0,4,1,0,16,6,790
4,3,200,3,14,0,1,1,0,1,1,1,1,1,0,0,0,0,0,0,28,15,625
5,4,120,1,20,0,0,1,0,1,1,0,1,1,0,0,0,0,2,0,6,8,391
5,5,100,4,2,0,0,1,1,0,0,1,1,1,0,0,0,1,0,0,5,7,360
5,5,1000,3,10,0,0,0,0,0,0,0,0,0,0,0,0,0,0,0,7,8,550
11,5,550,2,6,0,8,2,1,2,1,2,1,2,2,2,1,0,4,1,42,17,878
6,6,500,1,4,1,0,1,0,0,0,0,1,0,1,0,0,0,0,0,7,6,679
6,4,120,2,8,1,0,1,0,0,1,1,1,0,0,0,1,1,2,0,13,9,530
5,5,1000,3,10,0,0,0,0,0,0,0,0,0,0,0,0,0,0,0,7,8,550
3,15,200,3,16,1,0,1,1,0,1,1,1,0,0,1,0,1,1,0,5,5,950
16,14,100,3,18,9,0,2,1,2,1,9,3,3,2,1,2,1,3,0,50,15,807
3,4,120,1,20,0,1,1,1,0,1,1,1,0,0,1,0,0,3,0,11,8,436
5,5,200,1,16,2,0,1,0,1,1,3,1,1,0,0,0,0,3,0,48,13,876
4,6,45,1,2,1,0,1,1,1,1,1,1,1,0,0,0,4,1,0,16,6,790
4,4,120,1,6,0,0,1,1,0,0,0,1,1,0,0,0,0,1,0,9,9,516
5,7,250,3,7,3,0,1,0,1,1,1,1,1,0,0,1,0,0,0,54,8,1202
6,5,400,1,16,3,0,1,0,1,1,1,1,1,0,1,1,0,2,0,17,5,875
11,5,550,2,6,0,8,2,1,2,1,2,1,2,2,2,1,0,4,1,42,17,878
4,4,100,1,12,1,0,1,0,0,1,0,1,1,0,0,1,0,1,0,24,5,796
3,15,200,3,16,1,0,1,1,0,1,1,1,0,0,1,0,1,1,0,5,5,950
5,4,100,1,4,0,0,8,9,7,0,1,3,2,2,0,0,0,9,1,19,10,637
6,3,250,2,4,1,1,2,1,1,1,1,1,1,1,0,0,0,1,0,19,9,1236
7,6,500,2,2,1,1,1,1,0,1,1,1,1,1,1,1,1,1,1,9,10,900
5,4,120,1,20,0,0,1,0,1,1,0,1,1,0,0,0,0,2,0,6,8,391
3,4,1200,1,4,1,0,1,0,1,1,1,1,0,1,0,0,0,1,0,17,8,630
4,5,220,3,8,0,1,1,0,0,1,1,1,0,0,0,0,1,0,0,11,5,777
5,5,130,1,8,3,0,1,0,1,1,0,1,1,1,1,0,0,3,0,22,5,1158
4,4,120,1,6,0,0,1,1,0,0,0,1,1,0,0,0,0,1,0,9,9,516
6,3,250,2,4,1,1,2,1,1,1,1,1,1,1,0,0,0,1,0,19,9,1236
5,7,250,3,7,3,0,1,0,1,1,1,1,1,0,0,1,0,0,0,54,8,1202
3,4,90,1,14,1,1,1,0,1,1,1,1,1,0,0,1,0,1,0,10,8,900
4,5,200,1,12,1,0,1,1,1,1,1,1,1,0,0,1,0,3,1,11,6,750
16,14,100,3,18,9,0,2,1,2,1,9,3,3,2,1,2,1,3,0,50,15,807
6,6,500,1,4,0,0,1,1,0,1,1,1,1,1,0,0,0,0,1,18,10,795
3,4,90,1,14,1,1,1,0,1,1,1,1,1,0,0,1,0,1,0,10,8,900
14,12,500,2,2,7,2,1,1,1,1,8,2,1,0,0,1,0,1,0,48,20,1350
3,15,200,3,16,1,0,1,1,0,1,1,1,0,0,1,0,1,1,0,5,5,950
5,4,200,1,6,0,2,1,0,0,1,1,1,0,0,0,0,0,2,0,15,6,817
10,5,350,2,2,2,1,1,1,0,1,1,1,1,0,0,0,2,3,0,20,6,945
6,6,500,1,6,1,1,1,0,0,1,1,1,1,0,0,0,1,0,0,6,7,711
4,6,45,1,2,1,0,1,1,1,1,1,1,1,0,0,0,4,1,0,16,6,790
5,3,150,1,6,1,1,1,0,1,1,1,1,1,1,1,1,0,2,0,14,5,1146
3,3,120,1,2,0,0,1,1,0,1,0,1,0,0,0,0,0,1,0,9,9,690
4,6,120,1,4,1,0,1,0,1,1,2,1,1,1,0,1,1,2,0,7,10,1210
5,3,150,1,4,1,1,1,1,1,1,2,1,0,0,1,0,0,1,0,18,9,666
5,3,150,1,6,1,1,1,0,1,1,1,1,1,1,1,1,0,2,0,14,5,1146
3,4,1200,1,4,1,0,1,0,1,1,1,1,0,1,0,0,0,1,0,17,8,630
5,5,1000,3,10,0,0,0,0,0,0,0,0,0,0,0,0,0,0,0,7,8,550
8,4,300,2,6,2,2,2,1,1,1,2,1,1,1,0,1,0,3,1,33,19,1690
5,5,125,4,2,0,1,1,0,1,1,1,1,1,0,0,0,0,1,0,9,7,720
3,4,120,1,20,0,1,1,1,0,1,1,1,0,0,1,0,0,3,0,11,8,436
6,6,500,1,4,1,0,1,0,0,0,0,1,0,1,0,0,0,0,0,7,6,679
14,12,500,2,2,7,2,1,1,1,1,8,2,1,0,0,1,0,1,0,48,20,1350
5,5,130,1,8,3,0,1,0,1,1,0,1,1,1,1,0,0,3,0,22,5,1158
5,3,150,1,6,1,1,1,0,1,1,1,1,1,1,1,1,0,2,0,14,5,1146
16,14,100,3,18,9,0,2,1,2,1,9,3,3,2,1,2,1,3,0,50,15,807
4,4,200,1,8,0,2,1,1,0,1,1,1,1,0,0,1,0,2,0,25,8,617
4,5,200,1,20,1,0,1,0,1,1,1,1,1,0,0,1,0,0,0,16,8,864
4,6,45,1,2,1,0,1,1,1,1,1,1,1,0,0,0,4,1,0,16,6,790
6,4,120,2,8,1,0,1,0,0,1,1,1,0,0,0,1,1,2,0,13,9,530
3,6,300,1,10,0,0,1,0,0,1,0,1,0,0,0,1,1,1,0,6,10,517
4,6,45,1,2,1,0,1,1,1,1,1,1,1,0,0,0,4,1,0,16,6,790
3,4,90,1,14,1,1,1,0,1,1,1,1,1,0,0,1,0,1,0,10,8,900
5,4,200,1,6,0,2,1,0,0,1,1,1,0,0,0,0,0,2,0,15,6,817
4,4,200,1,2,0,2,1,0,0,1,1,1,1,0,0,1,1,1,0,9,7,1650
10,8,100,1,8,4,0,1,1,1,1,2,1,0,1,1,2,1,1,0,52,6,920
10,8,100,1,8,4,0,1,1,1,1,2,1,0,1,1,2,1,1,0,52,6,920
6,5,400,1,16,3,0,1,0,1,1,1,1,1,0,1,1,0,2,0,17,5,875
10,8,100,1,8,4,0,1,1,1,1,2,1,0,1,1,2,1,1,0,52,6,920
6,6,500,1,6,1,1,1,0,0,1,1,1,1,0,0,0,1,0,0,6,7,711
14,12,500,2,2,7,2,1,1,1,1,8,2,1,0,0,1,0,1,0,48,20,1350
6,5,400,1,16,3,0,1,0,1,1,1,1,1,0,1,1,0,2,0,17,5,875
5,5,200,1,16,2,0,1,0,1,1,3,1,1,0,0,0,0,3,0,48,13,876
6,6,500,1,4,0,0,1,1,0,1,1,1,1,1,0,0,0,0,1,18,10,795
6,4,120,2,8,1,0,1,0,0,1,1,1,0,0,0,1,1,2,0,13,9,530
6,6,500,1,4,1,0,1,0,0,0,0,1,0,1,0,0,0,0,0,7,6,679
4,3,200,3,14,0,1,1,0,1,1,1,1,1,0,0,0,0,0,0,28,15,625
10,5,350,2,2,2,1,1,1,0,1,1,1,1,0,0,0,2,3,0,20,6,945
4,5,220,3,8,0,1,1,0,0,1,1,1,0,0,0,0,1,0,0,11,5,777
3,15,200,3,16,1,0,1,1,0,1,1,1,0,0,1,0,1,1,0,5,5,950
5,5,130,1,8,3,0,1,0,1,1,0,1,1,1,1,0,0,3,0,22,5,1158
6,3,200,2,14,0,2,1,0,1,1,1,1,1,1,0,0,0,0,0,5,10,824
8,4,300,2,6,2,2,2,1,1,1,2,1,1,1,0,1,0,3,1,33,19,1690
4,6,200,1,16,0,2,1,0,1,1,1,1,1,1,1,0,2,1,0,5,5,604
10,5,350,2,2,2,1,1,1,0,1,1,1,1,0,0,0,2,3,0,20,6,945
5,5,100,4,2,0,0,1,1,0,0,1,1,1,0,0,0,1,0,0,5,7,360
10,8,100,1,8,4,0,1,1,1,1,2,1,0,1,1,2,1,1,0,52,6,920
8,7,500,2,4,7,3,2,1,0,1,4,1,1,1,0,0,1,3,1,24,12,1724
4,6,200,1,16,0,2,1,0,1,1,1,1,1,1,1,0,2,1,0,5,5,604
22,5,840,2,10,8,1,2,2,1,1,0,2,0,1,1,1,3,4,1,32,11,815
8,7,500,2,4,7,3,2,1,0,1,4,1,1,1,0,0,1,3,1,24,12,1724
3,15,200,3,16,1,0,1,1,0,1,1,1,0,0,1,0,1,1,0,5,5,950
22,5,840,2,10,8,1,2,2,1,1,0,2,0,1,1,1,3,4,1,32,11,815
5,5,100,4,2,0,0,1,1,0,0,1,1,1,0,0,0,1,0,0,5,7,360
4,4,200,1,2,0,2,1,0,0,1,1,1,1,0,0,1,1,1,0,9,7,1650
9,8,400,2,8,4,0,2,1,1,1,3,1,1,1,0,1,1,2,0,25,19,870
3,4,90,1,14,1,1,1,0,1,1,1,1,1,0,0,1,0,1,0,10,8,900
7,6,500,2,2,1,1,1,1,0,1,1,1,1,1,1,1,1,1,1,9,10,900
5,4,120,1,20,0,0,1,0,1,1,0,1,1,0,0,0,0,2,0,6,8,391
4,6,45,1,2,1,0,1,1,1,1,1,1,1,0,0,0,4,1,0,16,6,790
6,4,120,2,8,1,0,1,0,0,1,1,1,0,0,0,1,1,2,0,13,9,530
4,4,200,1,2,0,2,1,0,0,1,1,1,1,0,0,1,1,1,0,9,7,1650
11,5,550,2,6,0,8,2,1,2,1,2,1,2,2,2,1,0,4,1,42,17,878
5,5,1000,3,10,0,0,0,0,0,0,0,0,0,0,0,0,0,0,0,7,8,550
4,4,200,1,8,0,2,1,1,0,1,1,1,1,0,0,1,0,2,0,25,8,617
5,7,250,3,7,3,0,1,0,1,1,1,1,1,0,0,1,0,0,0,54,8,1202
4,3,200,3,14,0,1,1,0,1,1,1,1,1,0,0,0,0,0,0,28,15,625
3,15,200,3,16,1,0,1,1,0,1,1,1,0,0,1,0,1,1,0,5,5,950
4,6,120,1,4,1,0,1,0,1,1,2,1,1,1,0,1,1,2,0,7,10,1210
5,4,200,1,6,0,2,1,0,0,1,1,1,0,0,0,0,0,2,0,15,6,817
4,4,100,1,12,1,0,1,0,0,1,0,1,1,0,0,1,0,1,0,24,5,796
6,3,250,2,4,1,1,2,1,1,1,1,1,1,1,0,0,0,1,0,19,9,1236
6,4,120,2,8,1,0,1,0,0,1,1,1,0,0,0,1,1,2,0,13,9,530
6,6,500,1,4,0,0,1,1,0,1,1,1,1,1,0,0,0,0,1,18,10,795
5,4,100,1,4,0,0,8,9,7,0,1,3,2,2,0,0,0,9,1,19,10,637
5,7,250,3,7,3,0,1,0,1,1,1,1,1,0,0,1,0,0,0,54,8,1202
16,14,100,3,18,9,0,2,1,2,1,9,3,3,2,1,2,1,3,0,50,15,807
4,4,200,1,8,0,2,1,1,0,1,1,1,1,0,0,1,0,2,0,25,8,617
4,5,200,1,20,1,0,1,0,1,1,1,1,1,0,0,1,0,0,0,16,8,864
10,5,350,2,2,2,1,1,1,0,1,1,1,1,0,0,0,2,3,0,20,6,945
5,5,130,1,8,3,0,1,0,1,1,0,1,1,1,1,0,0,3,0,22,5,1158
6,6,500,1,6,1,1,1,0,0,1,1,1,1,0,0,0,1,0,0,6,7,711
3,15,200,3,16,1,0,1,1,0,1,1,1,0,0,1,0,1,1,0,5,5,950
4,4,100,1,12,1,0,1,0,0,1,0,1,1,0,0,1,0,1,0,24,5,796
5,5,140,1,2,1,0,1,0,0,1,1,0,0,0,0,0,0,2,0,7,5,376
5,3,150,1,6,1,1,1,0,1,1,1,1,1,1,1,1,0,2,0,14,5,1146
5,5,100,4,2,0,0,1,1,0,0,1,1,1,0,0,0,1,0,0,5,7,360
16,14,100,3,18,9,0,2,1,2,1,9,3,3,2,1,2,1,3,0,50,15,807
11,5,550,2,6,0,8,2,1,2,1,2,1,2,2,2,1,0,4,1,42,17,878
3,15,200,3,16,1,0,1,1,0,1,1,1,0,0,1,0,1,1,0,5,5,950
4,4,200,1,8,0,2,1,1,0,1,1,1,1,0,0,1,0,2,0,25,8,617
8,4,300,2,6,2,2,2,1,1,1,2,1,1,1,0,1,0,3,1,33,19,1690
5,4,100,1,4,0,0,8,9,7,0,1,3,2,2,0,0,0,9,1,19,10,637
6,4,120,2,8,1,0,1,0,0,1,1,1,0,0,0,1,1,2,0,13,9,530
22,5,840,2,10,8,1,2,2,1,1,0,2,0,1,1,1,3,4,1,32,11,815
5,5,140,1,2,1,0,1,0,0,1,1,0,0,0,0,0,0,2,0,7,5,376
4,6,45,1,2,1,0,1,1,1,1,1,1,1,0,0,0,4,1,0,16,6,790
5,3,150,1,6,1,1,1,0,1,1,1,1,1,1,1,1,0,2,0,14,5,1146
5,5,240,1,6,1,0,1,0,0,1,1,1,1,1,0,0,0,3,0,49,8,1040
5,3,150,1,6,1,1,1,0,1,1,1,1,1,1,1,1,0,2,0,14,5,1146
9,8,400,2,8,4,0,2,1,1,1,3,1,1,1,0,1,1,2,0,25,19,870
5,4,100,1,4,0,0,8,9,7,0,1,3,2,2,0,0,0,9,1,19,10,637
4,3,200,3,14,0,1,1,0,1,1,1,1,1,0,0,0,0,0,0,28,15,625
5,4,160,1,6,0,2,2,0,0,1,1,1,0,0,0,0,2,2,0,27,5,600
3,4,1200,1,4,1,0,1,0,1,1,1,1,0,1,0,0,0,1,0,17,8,630
6,3,250,2,4,1,1,2,1,1,1,1,1,1,1,0,0,0,1,0,19,9,1236
3,15,200,3,16,1,0,1,1,0,1,1,1,0,0,1,0,1,1,0,5,5,950
5,5,1000,3,10,0,0,0,0,0,0,0,0,0,0,0,0,0,0,0,7,8,550
7,5,525,3,10,0,2,2,2,1,1,3,1,1,2,0,2,0,0,1,14,10,781
7,5,525,3,10,0,2,2,2,1,1,3,1,1,2,0,2,0,0,1,14,10,781
5,5,1000,3,10,0,0,0,0,0,0,0,0,0,0,0,0,0,0,0,7,8,550
3,15,200,3,16,1,0,1,1,0,1,1,1,0,0,1,0,1,1,0,5,5,950
6,3,200,2,14,0,2,1,0,1,1,1,1,1,1,0,0,0,0,0,5,10,824
4,6,45,1,2,1,0,1,1,1,1,1,1,1,0,0,0,4,1,0,16,6,790
4,5,200,1,20,1,0,1,0,1,1,1,1,1,0,0,1,0,0,0,16,8,864
5,5,240,1,6,1,0,1,0,0,1,1,1,1,1,0,0,0,3,0,49,8,1040
5,5,100,4,2,0,0,1,1,0,0,1,1,1,0,0,0,1,0,0,5,7,360
3,4,90,1,14,1,1,1,0,1,1,1,1,1,0,0,1,0,1,0,10,8,900
5,5,240,1,6,1,0,1,0,0,1,1,1,1,1,0,0,0,3,0,49,8,1040
4,5,220,3,8,0,1,1,0,0,1,1,1,0,0,0,0,1,0,0,11,5,777
5,4,500,1,7,0,1,1,1,1,1,1,1,1,0,0,0,1,1,0,8,9,1181
4,5,220,3,8,0,1,1,0,0,1,1,1,0,0,0,0,1,0,0,11,5,777
5,4,100,1,4,0,0,8,9,7,0,1,3,2,2,0,0,0,9,1,19,10,637
6,6,500,1,6,1,1,1,0,0,1,1,1,1,0,0,0,1,0,0,6,7,711
8,7,500,2,4,7,3,2,1,0,1,4,1,1,1,0,0,1,3,1,24,12,1724
3,4,90,1,14,1,1,1,0,1,1,1,1,1,0,0,1,0,1,0,10,8,900
3,4,120,1,20,0,1,1,1,0,1,1,1,0,0,1,0,0,3,0,11,8,436
3,4,120,1,20,0,1,1,1,0,1,1,1,0,0,1,0,0,3,0,11,8,436
4,6,200,1,16,0,2,1,0,1,1,1,1,1,1,1,0,2,1,0,5,5,604
5,4,400,1,4,4,0,2,1,1,1,2,2,1,1,2,1,2,1,2,15,16,909
7,6,500,2,2,1,1,1,1,0,1,1,1,1,1,1,1,1,1,1,9,10,900
4,5,200,1,20,1,0,1,0,1,1,1,1,1,0,0,1,0,0,0,16,8,864
5,4,160,1,6,0,2,2,0,0,1,1,1,0,0,0,0,2,2,0,27,5,600
4,4,200,1,2,0,2,1,0,0,1,1,1,1,0,0,1,1,1,0,9,7,1650
5,5,140,1,2,1,0,1,0,0,1,1,0,0,0,0,0,0,2,0,7,5,376
10,5,350,2,2,2,1,1,1,0,1,1,1,1,0,0,0,2,3,0,20,6,945
14,12,500,2,2,7,2,1,1,1,1,8,2,1,0,0,1,0,1,0,48,20,1350
6,6,500,1,6,1,1,1,0,0,1,1,1,1,0,0,0,1,0,0,6,7,711
4,5,220,3,8,0,1,1,0,0,1,1,1,0,0,0,0,1,0,0,11,5,777
5,5,140,1,2,1,0,1,0,0,1,1,0,0,0,0,0,0,2,0,7,5,376
4,3,200,3,14,0,1,1,0,1,1,1,1,1,0,0,0,0,0,0,28,15,625
6,3,250,2,4,1,1,2,1,1,1,1,1,1,1,0,0,0,1,0,19,9,1236
5,5,200,1,16,2,0,1,0,1,1,3,1,1,0,0,0,0,3,0,48,13,876
5,5,1000,3,10,0,0,0,0,0,0,0,0,0,0,0,0,0,0,0,7,8,550
7,5,525,3,10,0,2,2,2,1,1,3,1,1,2,0,2,0,0,1,14,10,781
22,5,840,2,10,8,1,2,2,1,1,0,2,0,1,1,1,3,4,1,32,11,815
10,5,350,2,2,2,1,1,1,0,1,1,1,1,0,0,0,2,3,0,20,6,945
3,4,1200,1,4,1,0,1,0,1,1,1,1,0,1,0,0,0,1,0,17,8,630
4,4,120,1,6,0,0,1,1,0,0,0,1,1,0,0,0,0,1,0,9,9,516
9,8,400,2,8,4,0,2,1,1,1,3,1,1,1,0,1,1,2,0,25,19,870
3,4,1200,1,4,1,0,1,0,1,1,1,1,0,1,0,0,0,1,0,17,8,630
7,6,500,2,2,1,1,1,1,0,1,1,1,1,1,1,1,1,1,1,9,10,900
5,5,130,1,8,3,0,1,0,1,1,0,1,1,1,1,0,0,3,0,22,5,1158
10,8,100,1,8,4,0,1,1,1,1,2,1,0,1,1,2,1,1,0,52,6,920
3,4,1200,1,4,1,0,1,0,1,1,1,1,0,1,0,0,0,1,0,17,8,630
10,8,100,1,8,4,0,1,1,1,1,2,1,0,1,1,2,1,1,0,52,6,920
5,5,130,1,8,3,0,1,0,1,1,0,1,1,1,1,0,0,3,0,22,5,1158
3,15,200,3,16,1,0,1,1,0,1,1,1,0,0,1,0,1,1,0,5,5,950
9,8,400,2,8,4,0,2,1,1,1,3,1,1,1,0,1,1,2,0,25,19,870
6,6,500,1,4,0,0,1,1,0,1,1,1,1,1,0,0,0,0,1,18,10,795
4,4,200,1,8,0,2,1,1,0,1,1,1,1,0,0,1,0,2,0,25,8,617
6,4,120,2,8,1,0,1,0,0,1,1,1,0,0,0,1,1,2,0,13,9,530
5,3,150,1,4,1,1,1,1,1,1,2,1,0,0,1,0,0,1,0,18,9,666
4,4,200,1,8,0,2,1,1,0,1,1,1,1,0,0,1,0,2,0,25,8,617
4,6,45,1,2,1,0,1,1,1,1,1,1,1,0,0,0,4,1,0,16,6,790
3,6,300,1,10,0,0,1,0,0,1,0,1,0,0,0,1,1,1,0,6,10,517
5,7,250,3,7,3,0,1,0,1,1,1,1,1,0,0,1,0,0,0,54,8,1202
3,4,120,1,20,0,1,1,1,0,1,1,1,0,0,1,0,0,3,0,11,8,436
5,5,130,1,8,3,0,1,0,1,1,0,1,1,1,1,0,0,3,0,22,5,1158
4,6,45,1,2,1,0,1,1,1,1,1,1,1,0,0,0,4,1,0,16,6,790
8,7,500,2,4,7,3,2,1,0,1,4,1,1,1,0,0,1,3,1,24,12,1724
3,4,90,1,14,1,1,1,0,1,1,1,1,1,0,0,1,0,1,0,10,8,900
5,5,130,1,8,3,0,1,0,1,1,0,1,1,1,1,0,0,3,0,22,5,1158
4,4,120,1,6,0,0,1,1,0,0,0,1,1,0,0,0,0,1,0,9,9,516
5,5,1000,3,10,0,0,0,0,0,0,0,0,0,0,0,0,0,0,0,7,8,550
3,15,200,3,16,1,0,1,1,0,1,1,1,0,0,1,0,1,1,0,5,5,950
4,5,200,1,20,1,0,1,0,1,1,1,1,1,0,0,1,0,0,0,16,8,864
3,3,120,1,2,0,0,1,1,0,1,0,1,0,0,0,0,0,1,0,9,9,690
5,5,125,4,2,0,1,1,0,1,1,1,1,1,0,0,0,0,1,0,9,7,720
5,4,400,1,4,4,0,2,1,1,1,2,2,1,1,2,1,2,1,2,15,16,909
5,4,400,1,4,4,0,2,1,1,1,2,2,1,1,2,1,2,1,2,15,16,909
6,4,120,2,8,1,0,1,0,0,1,1,1,0,0,0,1,1,2,0,13,9,530
6,4,120,2,8,1,0,1,0,0,1,1,1,0,0,0,1,1,2,0,13,9,530
6,6,500,1,4,1,0,1,0,0,0,0,1,0,1,0,0,0,0,0,7,6,679
11,5,550,2,6,0,8,2,1,2,1,2,1,2,2,2,1,0,4,1,42,17,878
4,6,120,1,4,1,0,1,0,1,1,2,1,1,1,0,1,1,2,0,7,10,1210
6,3,250,2,4,1,1,2,1,1,1,1,1,1,1,0,0,0,1,0,19,9,1236
4,6,120,1,4,1,0,1,0,1,1,2,1,1,1,0,1,1,2,0,7,10,1210
9,8,400,2,8,4,0,2,1,1,1,3,1,1,1,0,1,1,2,0,25,19,870
4,4,200,1,2,0,2,1,0,0,1,1,1,1,0,0,1,1,1,0,9,7,1650
5,5,130,1,8,3,0,1,0,1,1,0,1,1,1,1,0,0,3,0,22,5,1158
4,5,220,3,8,0,1,1,0,0,1,1,1,0,0,0,0,1,0,0,11,5,777
6,3,250,2,4,1,1,2,1,1,1,1,1,1,1,0,0,0,1,0,19,9,1236
22,5,840,2,10,8,1,2,2,1,1,0,2,0,1,1,1,3,4,1,32,11,815
5,3,150,1,6,1,1,1,0,1,1,1,1,1,1,1,1,0,2,0,14,5,1146
3,4,1200,1,4,1,0,1,0,1,1,1,1,0,1,0,0,0,1,0,17,8,630
11,5,550,2,6,0,8,2,1,2,1,2,1,2,2,2,1,0,4,1,42,17,878
3,15,200,3,16,1,0,1,1,0,1,1,1,0,0,1,0,1,1,0,5,5,950
3,15,200,3,16,1,0,1,1,0,1,1,1,0,0,1,0,1,1,0,5,5,950
4,3,200,3,14,0,1,1,0,1,1,1,1,1,0,0,0,0,0,0,28,15,625
6,5,400,1,16,3,0,1,0,1,1,1,1,1,0,1,1,0,2,0,17,5,875
7,6,500,2,2,1,1,1,1,0,1,1,1,1,1,1,1,1,1,1,9,10,900
7,5,525,3,10,0,2,2,2,1,1,3,1,1,2,0,2,0,0,1,14,10,781
5,3,150,1,6,1,1,1,0,1,1,1,1,1,1,1,1,0,2,0,14,5,1146
6,3,200,2,14,0,2,1,0,1,1,1,1,1,1,0,0,0,0,0,5,10,824
6,5,400,1,16,3,0,1,0,1,1,1,1,1,0,1,1,0,2,0,17,5,875
3,4,120,1,20,0,1,1,1,0,1,1,1,0,0,1,0,0,3,0,11,8,436
22,5,840,2,10,8,1,2,2,1,1,0,2,0,1,1,1,3,4,1,32,11,815
6,3,200,2,14,0,2,1,0,1,1,1,1,1,1,0,0,0,0,0,5,10,824
5,5,130,1,8,3,0,1,0,1,1,0,1,1,1,1,0,0,3,0,22,5,1158
5,4,120,1,20,0,0,1,0,1,1,0,1,1,0,0,0,0,2,0,6,8,391
6,3,200,2,14,0,2,1,0,1,1,1,1,1,1,0,0,0,0,0,5,10,824
4,4,200,1,2,0,2,1,0,0,1,1,1,1,0,0,1,1,1,0,9,7,1650
5,4,400,1,4,4,0,2,1,1,1,2,2,1,1,2,1,2,1,2,15,16,909
3,4,1200,1,4,1,0,1,0,1,1,1,1,0,1,0,0,0,1,0,17,8,630
5,5,125,4,2,0,1,1,0,1,1,1,1,1,0,0,0,0,1,0,9,7,720
5,7,250,3,7,3,0,1,0,1,1,1,1,1,0,0,1,0,0,0,54,8,1202
5,4,200,1,6,0,2,1,0,0,1,1,1,0,0,0,0,0,2,0,15,6,817
4,5,200,1,12,1,0,1,1,1,1,1,1,1,0,0,1,0,3,1,11,6,750
4,6,45,1,2,1,0,1,1,1,1,1,1,1,0,0,0,4,1,0,16,6,790
5,4,120,1,20,0,0,1,0,1,1,0,1,1,0,0,0,0,2,0,6,8,391
4,3,200,3,14,0,1,1,0,1,1,1,1,1,0,0,0,0,0,0,28,15,625
4,5,200,1,12,1,0,1,1,1,1,1,1,1,0,0,1,0,3,1,11,6,750
4,6,45,1,2,1,0,1,1,1,1,1,1,1,0,0,0,4,1,0,16,6,790
5,5,240,1,6,1,0,1,0,0,1,1,1,1,1,0,0,0,3,0,49,8,1040
4,4,120,1,6,0,0,1,1,0,0,0,1,1,0,0,0,0,1,0,9,9,516
4,5,200,1,12,1,0,1,1,1,1,1,1,1,0,0,1,0,3,1,11,6,750
6,4,120,2,8,1,0,1,0,0,1,1,1,0,0,0,1,1,2,0,13,9,530
10,8,100,1,8,4,0,1,1,1,1,2,1,0,1,1,2,1,1,0,52,6,920
8,4,300,2,6,2,2,2,1,1,1,2,1,1,1,0,1,0,3,1,33,19,1690
22,5,840,2,10,8,1,2,2,1,1,0,2,0,1,1,1,3,4,1,32,11,815
5,4,500,1,7,0,1,1,1,1,1,1,1,1,0,0,0,1,1,0,8,9,1181
11,5,550,2,6,0,8,2,1,2,1,2,1,2,2,2,1,0,4,1,42,17,878
11,5,550,2,6,0,8,2,1,2,1,2,1,2,2,2,1,0,4,1,42,17,878
8,7,500,2,4,7,3,2,1,0,1,4,1,1,1,0,0,1,3,1,24,12,1724
3,6,300,1,10,0,0,1,0,0,1,0,1,0,0,0,1,1,1,0,6,10,517
22,5,840,2,10,8,1,2,2,1,1,0,2,0,1,1,1,3,4,1,32,11,815
3,4,120,1,20,0,1,1,1,0,1,1,1,0,0,1,0,0,3,0,11,8,436
11,5,550,2,6,0,8,2,1,2,1,2,1,2,2,2,1,0,4,1,42,17,878
16,14,100,3,18,9,0,2,1,2,1,9,3,3,2,1,2,1,3,0,50,15,807
3,4,90,1,14,1,1,1,0,1,1,1,1,1,0,0,1,0,1,0,10,8,900
4,4,200,1,2,0,2,1,0,0,1,1,1,1,0,0,1,1,1,0,9,7,1650
3,15,200,3,16,1,0,1,1,0,1,1,1,0,0,1,0,1,1,0,5,5,950
22,5,840,2,10,8,1,2,2,1,1,0,2,0,1,1,1,3,4,1,32,11,815
5,4,500,1,7,0,1,1,1,1,1,1,1,1,0,0,0,1,1,0,8,9,1181
5,5,100,4,2,0,0,1,1,0,0,1,1,1,0,0,0,1,0,0,5,7,360
3,4,120,1,20,0,1,1,1,0,1,1,1,0,0,1,0,0,3,0,11,8,436
5,7,250,3,7,3,0,1,0,1,1,1,1,1,0,0,1,0,0,0,54,8,1202
5,5,200,1,16,2,0,1,0,1,1,3,1,1,0,0,0,0,3,0,48,13,876
4,4,120,1,6,0,0,1,1,0,0,0,1,1,0,0,0,0,1,0,9,9,516
4,5,220,3,8,0,1,1,0,0,1,1,1,0,0,0,0,1,0,0,11,5,777
5,5,140,1,2,1,0,1,0,0,1,1,0,0,0,0,0,0,2,0,7,5,376
5,5,200,1,16,2,0,1,0,1,1,3,1,1,0,0,0,0,3,0,48,13,876
6,5,400,1,16,3,0,1,0,1,1,1,1,1,0,1,1,0,2,0,17,5,875
10,8,100,1,8,4,0,1,1,1,1,2,1,0,1,1,2,1,1,0,52,6,920
3,4,120,1,20,0,1,1,1,0,1,1,1,0,0,1,0,0,3,0,11,8,436
5,5,130,1,8,3,0,1,0,1,1,0,1,1,1,1,0,0,3,0,22,5,1158
5,4,400,1,4,4,0,2,1,1,1,2,2,1,1,2,1,2,1,2,15,16,909
4,6,120,1,4,1,0,1,0,1,1,2,1,1,1,0,1,1,2,0,7,10,1210
5,5,125,4,2,0,1,1,0,1,1,1,1,1,0,0,0,0,1,0,9,7,720
4,3,200,3,14,0,1,1,0,1,1,1,1,1,0,0,0,0,0,0,28,15,625
10,5,350,2,2,2,1,1,1,0,1,1,1,1,0,0,0,2,3,0,20,6,945
22,5,840,2,10,8,1,2,2,1,1,0,2,0,1,1,1,3,4,1,32,11,815
4,5,220,3,8,0,1,1,0,0,1,1,1,0,0,0,0,1,0,0,11,5,777
4,6,45,1,2,1,0,1,1,1,1,1,1,1,0,0,0,4,1,0,16,6,790
16,14,100,3,18,9,0,2,1,2,1,9,3,3,2,1,2,1,3,0,50,15,807
4,4,200,1,8,0,2,1,1,0,1,1,1,1,0,0,1,0,2,0,25,8,617
5,5,140,1,2,1,0,1,0,0,1,1,0,0,0,0,0,0,2,0,7,5,376
3,3,120,1,2,0,0,1,1,0,1,0,1,0,0,0,0,0,1,0,9,9,690
5,3,150,1,6,1,1,1,0,1,1,1,1,1,1,1,1,0,2,0,14,5,1146
6,3,200,2,14,0,2,1,0,1,1,1,1,1,1,0,0,0,0,0,5,10,824
4,4,200,1,8,0,2,1,1,0,1,1,1,1,0,0,1,0,2,0,25,8,617
9,8,400,2,8,4,0,2,1,1,1,3,1,1,1,0,1,1,2,0,25,19,870
5,7,250,3,7,3,0,1,0,1,1,1,1,1,0,0,1,0,0,0,54,8,1202
16,14,100,3,18,9,0,2,1,2,1,9,3,3,2,1,2,1,3,0,50,15,807
5,4,120,1,20,0,0,1,0,1,1,0,1,1,0,0,0,0,2,0,6,8,391
6,6,500,1,6,1,1,1,0,0,1,1,1,1,0,0,0,1,0,0,6,7,711
6,3,200,2,14,0,2,1,0,1,1,1,1,1,1,0,0,0,0,0,5,10,824
4,4,200,1,8,0,2,1,1,0,1,1,1,1,0,0,1,0,2,0,25,8,617
5,5,100,4,2,0,0,1,1,0,0,1,1,1,0,0,0,1,0,0,5,7,360
4,5,200,1,12,1,0,1,1,1,1,1,1,1,0,0,1,0,3,1,11,6,750
5,4,200,1,6,0,2,1,0,0,1,1,1,0,0,0,0,0,2,0,15,6,817
8,7,500,2,4,7,3,2,1,0,1,4,1,1,1,0,0,1,3,1,24,12,1724
6,6,500,1,4,0,0,1,1,0,1,1,1,1,1,0,0,0,0,1,18,10,795
4,6,45,1,2,1,0,1,1,1,1,1,1,1,0,0,0,4,1,0,16,6,790
4,3,200,3,14,0,1,1,0,1,1,1,1,1,0,0,0,0,0,0,28,15,625
8,7,500,2,4,7,3,2,1,0,1,4,1,1,1,0,0,1,3,1,24,12,1724
4,4,200,1,8,0,2,1,1,0,1,1,1,1,0,0,1,0,2,0,25,8,617
4,5,200,1,20,1,0,1,0,1,1,1,1,1,0,0,1,0,0,0,16,8,864
9,8,400,2,8,4,0,2,1,1,1,3,1,1,1,0,1,1,2,0,25,19,870
5,5,140,1,2,1,0,1,0,0,1,1,0,0,0,0,0,0,2,0,7,5,376
10,8,100,1,8,4,0,1,1,1,1,2,1,0,1,1,2,1,1,0,52,6,920
22,5,840,2,10,8,1,2,2,1,1,0,2,0,1,1,1,3,4,1,32,11,815
5,5,100,4,2,0,0,1,1,0,0,1,1,1,0,0,0,1,0,0,5,7,360
5,4,100,1,4,0,0,8,9,7,0,1,3,2,2,0,0,0,9,1,19,10,637
16,14,100,3,18,9,0,2,1,2,1,9,3,3,2,1,2,1,3,0,50,15,807
6,3,250,2,4,1,1,2,1,1,1,1,1,1,1,0,0,0,1,0,19,9,1236
5,5,240,1,6,1,0,1,0,0,1,1,1,1,1,0,0,0,3,0,49,8,1040
5,3,150,1,6,1,1,1,0,1,1,1,1,1,1,1,1,0,2,0,14,5,1146
4,4,100,1,12,1,0,1,0,0,1,0,1,1,0,0,1,0,1,0,24,5,796
5,3,150,1,6,1,1,1,0,1,1,1,1,1,1,1,1,0,2,0,14,5,1146
3,3,120,1,2,0,0,1,1,0,1,0,1,0,0,0,0,0,1,0,9,9,690
5,4,200,1,6,0,2,1,0,0,1,1,1,0,0,0,0,0,2,0,15,6,817
5,4,500,1,7,0,1,1,1,1,1,1,1,1,0,0,0,1,1,0,8,9,1181
6,4,120,2,8,1,0,1,0,0,1,1,1,0,0,0,1,1,2,0,13,9,530
6,3,200,2,14,0,2,1,0,1,1,1,1,1,1,0,0,0,0,0,5,10,824
5,4,200,1,6,0,2,1,0,0,1,1,1,0,0,0,0,0,2,0,15,6,817
5,4,120,1,20,0,0,1,0,1,1,0,1,1,0,0,0,0,2,0,6,8,391
5,4,160,1,6,0,2,2,0,0,1,1,1,0,0,0,0,2,2,0,27,5,600
5,5,200,1,16,2,0,1,0,1,1,3,1,1,0,0,0,0,3,0,48,13,876
6,6,500,1,6,1,1,1,0,0,1,1,1,1,0,0,0,1,0,0,6,7,711
5,3,150,1,6,1,1,1,0,1,1,1,1,1,1,1,1,0,2,0,14,5,1146
5,5,240,1,6,1,0,1,0,0,1,1,1,1,1,0,0,0,3,0,49,8,1040
4,3,200,3,14,0,1,1,0,1,1,1,1,1,0,0,0,0,0,0,28,15,625
6,6,500,1,6,1,1,1,0,0,1,1,1,1,0,0,0,1,0,0,6,7,711
22,5,840,2,10,8,1,2,2,1,1,0,2,0,1,1,1,3,4,1,32,11,815
6,4,120,2,8,1,0,1,0,0,1,1,1,0,0,0,1,1,2,0,13,9,530
5,4,160,1,6,0,2,2,0,0,1,1,1,0,0,0,0,2,2,0,27,5,600
5,5,100,4,2,0,0,1,1,0,0,1,1,1,0,0,0,1,0,0,5,7,360
6,4,120,2,8,1,0,1,0,0,1,1,1,0,0,0,1,1,2,0,13,9,530
3,3,120,1,2,0,0,1,1,0,1,0,1,0,0,0,0,0,1,0,9,9,690
5,5,240,1,6,1,0,1,0,0,1,1,1,1,1,0,0,0,3,0,49,8,1040
4,5,200,1,20,1,0,1,0,1,1,1,1,1,0,0,1,0,0,0,16,8,864
6,3,250,2,4,1,1,2,1,1,1,1,1,1,1,0,0,0,1,0,19,9,1236
5,3,150,1,6,1,1,1,0,1,1,1,1,1,1,1,1,0,2,0,14,5,1146
22,5,840,2,10,8,1,2,2,1,1,0,2,0,1,1,1,3,4,1,32,11,815
5,5,130,1,8,3,0,1,0,1,1,0,1,1,1,1,0,0,3,0,22,5,1158
6,4,120,2,8,1,0,1,0,0,1,1,1,0,0,0,1,1,2,0,13,9,530
4,4,120,1,6,0,0,1,1,0,0,0,1,1,0,0,0,0,1,0,9,9,516
7,6,500,2,2,1,1,1,1,0,1,1,1,1,1,1,1,1,1,1,9,10,900
6,4,120,2,8,1,0,1,0,0,1,1,1,0,0,0,1,1,2,0,13,9,530
4,4,200,1,8,0,2,1,1,0,1,1,1,1,0,0,1,0,2,0,25,8,617
3,6,300,1,10,0,0,1,0,0,1,0,1,0,0,0,1,1,1,0,6,10,517
4,6,120,1,4,1,0,1,0,1,1,2,1,1,1,0,1,1,2,0,7,10,1210
6,6,500,1,4,0,0,1,1,0,1,1,1,1,1,0,0,0,0,1,18,10,795
4,6,45,1,2,1,0,1,1,1,1,1,1,1,0,0,0,4,1,0,16,6,790
3,4,90,1,14,1,1,1,0,1,1,1,1,1,0,0,1,0,1,0,10,8,900
4,4,120,1,6,0,0,1,1,0,0,0,1,1,0,0,0,0,1,0,9,9,516
8,7,500,2,4,7,3,2,1,0,1,4,1,1,1,0,0,1,3,1,24,12,1724
5,4,160,1,6,0,2,2,0,0,1,1,1,0,0,0,0,2,2,0,27,5,600
4,4,100,1,12,1,0,1,0,0,1,0,1,1,0,0,1,0,1,0,24,5,796
5,4,500,1,7,0,1,1,1,1,1,1,1,1,0,0,0,1,1,0,8,9,1181
16,14,100,3,18,9,0,2,1,2,1,9,3,3,2,1,2,1,3,0,50,15,807
5,5,240,1,6,1,0,1,0,0,1,1,1,1,1,0,0,0,3,0,49,8,1040
5,5,240,1,6,1,0,1,0,0,1,1,1,1,1,0,0,0,3,0,49,8,1040
6,4,120,2,8,1,0,1,0,0,1,1,1,0,0,0,1,1,2,0,13,9,530
5,4,500,1,7,0,1,1,1,1,1,1,1,1,0,0,0,1,1,0,8,9,1181
4,4,200,1,8,0,2,1,1,0,1,1,1,1,0,0,1,0,2,0,25,8,617
11,5,550,2,6,0,8,2,1,2,1,2,1,2,2,2,1,0,4,1,42,17,878
4,6,200,1,16,0,2,1,0,1,1,1,1,1,1,1,0,2,1,0,5,5,604
3,4,1200,1,4,1,0,1,0,1,1,1,1,0,1,0,0,0,1,0,17,8,630
8,7,500,2,4,7,3,2,1,0,1,4,1,1,1,0,0,1,3,1,24,12,1724
3,4,90,1,14,1,1,1,0,1,1,1,1,1,0,0,1,0,1,0,10,8,900
3,3,120,1,2,0,0,1,1,0,1,0,1,0,0,0,0,0,1,0,9,9,690
4,4,200,1,8,0,2,1,1,0,1,1,1,1,0,0,1,0,2,0,25,8,617
3,3,120,1,2,0,0,1,1,0,1,0,1,0,0,0,0,0,1,0,9,9,690
4,6,200,1,16,0,2,1,0,1,1,1,1,1,1,1,0,2,1,0,5,5,604
10,8,100,1,8,4,0,1,1,1,1,2,1,0,1,1,2,1,1,0,52,6,920
5,4,200,1,6,0,2,1,0,0,1,1,1,0,0,0,0,0,2,0,15,6,817
5,4,100,1,4,0,0,8,9,7,0,1,3,2,2,0,0,0,9,1,19,10,637
6,5,400,1,16,3,0,1,0,1,1,1,1,1,0,1,1,0,2,0,17,5,875
7,6,500,2,2,1,1,1,1,0,1,1,1,1,1,1,1,1,1,1,9,10,900
4,3,200,3,14,0,1,1,0,1,1,1,1,1,0,0,0,0,0,0,28,15,625
6,6,500,1,6,1,1,1,0,0,1,1,1,1,0,0,0,1,0,0,6,7,711
6,6,500,1,4,0,0,1,1,0,1,1,1,1,1,0,0,0,0,1,18,10,795
5,4,400,1,4,4,0,2,1,1,1,2,2,1,1,2,1,2,1,2,15,16,909
10,5,350,2,2,2,1,1,1,0,1,1,1,1,0,0,0,2,3,0,20,6,945
4,4,200,1,8,0,2,1,1,0,1,1,1,1,0,0,1,0,2,0,25,8,617
16,14,100,3,18,9,0,2,1,2,1,9,3,3,2,1,2,1,3,0,50,15,807
5,5,125,4,2,0,1,1,0,1,1,1,1,1,0,0,0,0,1,0,9,7,720
3,4,1200,1,4,1,0,1,0,1,1,1,1,0,1,0,0,0,1,0,17,8,630
5,5,200,1,16,2,0,1,0,1,1,3,1,1,0,0,0,0,3,0,48,13,876
4,4,120,1,6,0,0,1,1,0,0,0,1,1,0,0,0,0,1,0,9,9,516
6,4,120,2,8,1,0,1,0,0,1,1,1,0,0,0,1,1,2,0,13,9,530
6,3,200,2,14,0,2,1,0,1,1,1,1,1,1,0,0,0,0,0,5,10,824
3,4,120,1,20,0,1,1,1,0,1,1,1,0,0,1,0,0,3,0,11,8,436
4,6,200,1,16,0,2,1,0,1,1,1,1,1,1,1,0,2,1,0,5,5,604
6,3,200,2,14,0,2,1,0,1,1,1,1,1,1,0,0,0,0,0,5,10,824
4,3,200,3,14,0,1,1,0,1,1,1,1,1,0,0,0,0,0,0,28,15,625
5,4,100,1,4,0,0,8,9,7,0,1,3,2,2,0,0,0,9,1,19,10,637
5,5,130,1,8,3,0,1,0,1,1,0,1,1,1,1,0,0,3,0,22,5,1158
10,8,100,1,8,4,0,1,1,1,1,2,1,0,1,1,2,1,1,0,52,6,920
5,4,200,1,6,0,2,1,0,0,1,1,1,0,0,0,0,0,2,0,15,6,817
5,5,130,1,8,3,0,1,0,1,1,0,1,1,1,1,0,0,3,0,22,5,1158
4,4,120,1,6,0,0,1,1,0,0,0,1,1,0,0,0,0,1,0,9,9,516
4,4,200,1,2,0,2,1,0,0,1,1,1,1,0,0,1,1,1,0,9,7,1650
5,4,500,1,7,0,1,1,1,1,1,1,1,1,0,0,0,1,1,0,8,9,1181
7,6,500,2,2,1,1,1,1,0,1,1,1,1,1,1,1,1,1,1,9,10,900
6,5,400,1,16,3,0,1,0,1,1,1,1,1,0,1,1,0,2,0,17,5,875
3,4,120,1,20,0,1,1,1,0,1,1,1,0,0,1,0,0,3,0,11,8,436
3,6,300,1,10,0,0,1,0,0,1,0,1,0,0,0,1,1,1,0,6,10,517
14,12,500,2,2,7,2,1,1,1,1,8,2,1,0,0,1,0,1,0,48,20,1350
7,6,500,2,2,1,1,1,1,0,1,1,1,1,1,1,1,1,1,1,9,10,900
6,4,120,2,8,1,0,1,0,0,1,1,1,0,0,0,1,1,2,0,13,9,530
4,4,200,1,8,0,2,1,1,0,1,1,1,1,0,0,1,0,2,0,25,8,617
7,5,525,3,10,0,2,2,2,1,1,3,1,1,2,0,2,0,0,1,14,10,781
5,5,140,1,2,1,0,1,0,0,1,1,0,0,0,0,0,0,2,0,7,5,376
16,14,100,3,18,9,0,2,1,2,1,9,3,3,2,1,2,1,3,0,50,15,807
3,4,90,1,14,1,1,1,0,1,1,1,1,1,0,0,1,0,1,0,10,8,900
5,5,125,4,2,0,1,1,0,1,1,1,1,1,0,0,0,0,1,0,9,7,720
4,6,45,1,2,1,0,1,1,1,1,1,1,1,0,0,0,4,1,0,16,6,790
5,5,125,4,2,0,1,1,0,1,1,1,1,1,0,0,0,0,1,0,9,7,720
8,7,500,2,4,7,3,2,1,0,1,4,1,1,1,0,0,1,3,1,24,12,1724
3,15,200,3,16,1,0,1,1,0,1,1,1,0,0,1,0,1,1,0,5,5,950
4,4,200,1,2,0,2,1,0,0,1,1,1,1,0,0,1,1,1,0,9,7,1650
5,5,200,1,16,2,0,1,0,1,1,3,1,1,0,0,0,0,3,0,48,13,876
4,6,45,1,2,1,0,1,1,1,1,1,1,1,0,0,0,4,1,0,16,6,790
5,3,150,1,4,1,1,1,1,1,1,2,1,0,0,1,0,0,1,0,18,9,666
6,6,500,1,4,1,0,1,0,0,0,0,1,0,1,0,0,0,0,0,7,6,679
5,5,1000,3,10,0,0,0,0,0,0,0,0,0,0,0,0,0,0,0,7,8,550
6,6,500,1,4,1,0,1,0,0,0,0,1,0,1,0,0,0,0,0,7,6,679
6,4,120,2,8,1,0,1,0,0,1,1,1,0,0,0,1,1,2,0,13,9,530
22,5,840,2,10,8,1,2,2,1,1,0,2,0,1,1,1,3,4,1,32,11,815
6,5,400,1,16,3,0,1,0,1,1,1,1,1,0,1,1,0,2,0,17,5,875
5,4,400,1,4,4,0,2,1,1,1,2,2,1,1,2,1,2,1,2,15,16,909
7,6,500,2,2,1,1,1,1,0,1,1,1,1,1,1,1,1,1,1,9,10,900
4,3,200,3,14,0,1,1,0,1,1,1,1,1,0,0,0,0,0,0,28,15,625
5,4,200,1,6,0,2,1,0,0,1,1,1,0,0,0,0,0,2,0,15,6,817
5,4,100,1,4,0,0,8,9,7,0,1,3,2,2,0,0,0,9,1,19,10,637
5,4,100,1,4,0,0,8,9,7,0,1,3,2,2,0,0,0,9,1,19,10,637
3,4,90,1,14,1,1,1,0,1,1,1,1,1,0,0,1,0,1,0,10,8,900
6,3,200,2,14,0,2,1,0,1,1,1,1,1,1,0,0,0,0,0,5,10,824
9,8,400,2,8,4,0,2,1,1,1,3,1,1,1,0,1,1,2,0,25,19,870
4,4,200,1,8,0,2,1,1,0,1,1,1,1,0,0,1,0,2,0,25,8,617
5,4,200,1,6,0,2,1,0,0,1,1,1,0,0,0,0,0,2,0,15,6,817
4,6,200,1,16,0,2,1,0,1,1,1,1,1,1,1,0,2,1,0,5,5,604
5,4,100,1,4,0,0,8,9,7,0,1,3,2,2,0,0,0,9,1,19,10,637
8,7,500,2,4,7,3,2,1,0,1,4,1,1,1,0,0,1,3,1,24,12,1724
5,5,200,1,16,2,0,1,0,1,1,3,1,1,0,0,0,0,3,0,48,13,876
3,6,300,1,10,0,0,1,0,0,1,0,1,0,0,0,1,1,1,0,6,10,517
4,4,120,1,6,0,0,1,1,0,0,0,1,1,0,0,0,0,1,0,9,9,516
5,4,400,1,4,4,0,2,1,1,1,2,2,1,1,2,1,2,1,2,15,16,909
3,4,120,1,20,0,1,1,1,0,1,1,1,0,0,1,0,0,3,0,11,8,436
14,12,500,2,2,7,2,1,1,1,1,8,2,1,0,0,1,0,1,0,48,20,1350
5,5,100,4,2,0,0,1,1,0,0,1,1,1,0,0,0,1,0,0,5,7,360
4,4,100,1,12,1,0,1,0,0,1,0,1,1,0,0,1,0,1,0,24,5,796
5,5,1000,3,10,0,0,0,0,0,0,0,0,0,0,0,0,0,0,0,7,8,550
5,3,150,1,4,1,1,1,1,1,1,2,1,0,0,1,0,0,1,0,18,9,666
4,4,120,1,6,0,0,1,1,0,0,0,1,1,0,0,0,0,1,0,9,9,516
22,5,840,2,10,8,1,2,2,1,1,0,2,0,1,1,1,3,4,1,32,11,815
5,4,200,1,6,0,2,1,0,0,1,1,1,0,0,0,0,0,2,0,15,6,817
6,3,200,2,14,0,2,1,0,1,1,1,1,1,1,0,0,0,0,0,5,10,824
9,8,400,2,8,4,0,2,1,1,1,3,1,1,1,0,1,1,2,0,25,19,870
3,4,120,1,20,0,1,1,1,0,1,1,1,0,0,1,0,0,3,0,11,8,436
10,5,350,2,2,2,1,1,1,0,1,1,1,1,0,0,0,2,3,0,20,6,945
4,4,100,1,12,1,0,1,0,0,1,0,1,1,0,0,1,0,1,0,24,5,796
3,4,1200,1,4,1,0,1,0,1,1,1,1,0,1,0,0,0,1,0,17,8,630
6,6,500,1,4,0,0,1,1,0,1,1,1,1,1,0,0,0,0,1,18,10,795
4,6,200,1,16,0,2,1,0,1,1,1,1,1,1,1,0,2,1,0,5,5,604
5,5,140,1,2,1,0,1,0,0,1,1,0,0,0,0,0,0,2,0,7,5,376
5,5,1000,3,10,0,0,0,0,0,0,0,0,0,0,0,0,0,0,0,7,8,550
4,5,200,1,20,1,0,1,0,1,1,1,1,1,0,0,1,0,0,0,16,8,864
3,4,1200,1,4,1,0,1,0,1,1,1,1,0,1,0,0,0,1,0,17,8,630
5,4,100,1,4,0,0,8,9,7,0,1,3,2,2,0,0,0,9,1,19,10,637
4,5,200,1,12,1,0,1,1,1,1,1,1,1,0,0,1,0,3,1,11,6,750
6,6,500,1,4,0,0,1,1,0,1,1,1,1,1,0,0,0,0,1,18,10,795
22,5,840,2,10,8,1,2,2,1,1,0,2,0,1,1,1,3,4,1,32,11,815
6,3,200,2,14,0,2,1,0,1,1,1,1,1,1,0,0,0,0,0,5,10,824
9,8,400,2,8,4,0,2,1,1,1,3,1,1,1,0,1,1,2,0,25,19,870
7,6,500,2,2,1,1,1,1,0,1,1,1,1,1,1,1,1,1,1,9,10,900
5,5,125,4,2,0,1,1,0,1,1,1,1,1,0,0,0,0,1,0,9,7,720
5,7,250,3,7,3,0,1,0,1,1,1,1,1,0,0,1,0,0,0,54,8,1202
5,5,130,1,8,3,0,1,0,1,1,0,1,1,1,1,0,0,3,0,22,5,1158
8,7,500,2,4,7,3,2,1,0,1,4,1,1,1,0,0,1,3,1,24,12,1724
5,5,240,1,6,1,0,1,0,0,1,1,1,1,1,0,0,0,3,0,49,8,1040
5,5,200,1,16,2,0,1,0,1,1,3,1,1,0,0,0,0,3,0,48,13,876
5,4,500,1,7,0,1,1,1,1,1,1,1,1,0,0,0,1,1,0,8,9,1181
16,14,100,3,18,9,0,2,1,2,1,9,3,3,2,1,2,1,3,0,50,15,807
6,3,250,2,4,1,1,2,1,1,1,1,1,1,1,0,0,0,1,0,19,9,1236
6,3,250,2,4,1,1,2,1,1,1,1,1,1,1,0,0,0,1,0,19,9,1236
4,4,200,1,8,0,2,1,1,0,1,1,1,1,0,0,1,0,2,0,25,8,617
8,7,500,2,4,7,3,2,1,0,1,4,1,1,1,0,0,1,3,1,24,12,1724
6,6,500,1,4,0,0,1,1,0,1,1,1,1,1,0,0,0,0,1,18,10,795
4,6,120,1,4,1,0,1,0,1,1,2,1,1,1,0,1,1,2,0,7,10,1210
3,4,1200,1,4,1,0,1,0,1,1,1,1,0,1,0,0,0,1,0,17,8,630
7,5,525,3,10,0,2,2,2,1,1,3,1,1,2,0,2,0,0,1,14,10,781
6,5,400,1,16,3,0,1,0,1,1,1,1,1,0,1,1,0,2,0,17,5,875
5,5,130,1,8,3,0,1,0,1,1,0,1,1,1,1,0,0,3,0,22,5,1158
5,4,120,1,20,0,0,1,0,1,1,0,1,1,0,0,0,0,2,0,6,8,391
3,3,120,1,2,0,0,1,1,0,1,0,1,0,0,0,0,0,1,0,9,9,690
6,6,500,1,4,0,0,1,1,0,1,1,1,1,1,0,0,0,0,1,18,10,795
5,4,400,1,4,4,0,2,1,1,1,2,2,1,1,2,1,2,1,2,15,16,909
7,6,500,2,2,1,1,1,1,0,1,1,1,1,1,1,1,1,1,1,9,10,900
5,4,100,1,4,0,0,8,9,7,0,1,3,2,2,0,0,0,9,1,19,10,637
5,4,400,1,4,4,0,2,1,1,1,2,2,1,1,2,1,2,1,2,15,16,909
7,5,525,3,10,0,2,2,2,1,1,3,1,1,2,0,2,0,0,1,14,10,781
7,6,500,2,2,1,1,1,1,0,1,1,1,1,1,1,1,1,1,1,9,10,900
11,5,550,2,6,0,8,2,1,2,1,2,1,2,2,2,1,0,4,1,42,17,878
4,4,200,1,2,0,2,1,0,0,1,1,1,1,0,0,1,1,1,0,9,7,1650
5,4,100,1,4,0,0,8,9,7,0,1,3,2,2,0,0,0,9,1,19,10,637
4,6,120,1,4,1,0,1,0,1,1,2,1,1,1,0,1,1,2,0,7,10,1210
7,6,500,2,2,1,1,1,1,0,1,1,1,1,1,1,1,1,1,1,9,10,900
5,5,140,1,2,1,0,1,0,0,1,1,0,0,0,0,0,0,2,0,7,5,376
3,6,300,1,10,0,0,1,0,0,1,0,1,0,0,0,1,1,1,0,6,10,517
6,6,500,1,4,1,0,1,0,0,0,0,1,0,1,0,0,0,0,0,7,6,679
5,5,200,1,16,2,0,1,0,1,1,3,1,1,0,0,0,0,3,0,48,13,876
5,4,500,1,7,0,1,1,1,1,1,1,1,1,0,0,0,1,1,0,8,9,1181
5,4,100,1,4,0,0,8,9,7,0,1,3,2,2,0,0,0,9,1,19,10,637
5,5,140,1,2,1,0,1,0,0,1,1,0,0,0,0,0,0,2,0,7,5,376
3,4,1200,1,4,1,0,1,0,1,1,1,1,0,1,0,0,0,1,0,17,8,630
3,4,120,1,20,0,1,1,1,0,1,1,1,0,0,1,0,0,3,0,11,8,436
3,4,90,1,14,1,1,1,0,1,1,1,1,1,0,0,1,0,1,0,10,8,900
6,6,500,1,4,0,0,1,1,0,1,1,1,1,1,0,0,0,0,1,18,10,795
7,6,500,2,2,1,1,1,1,0,1,1,1,1,1,1,1,1,1,1,9,10,900
4,4,120,1,6,0,0,1,1,0,0,0,1,1,0,0,0,0,1,0,9,9,516
16,14,100,3,18,9,0,2,1,2,1,9,3,3,2,1,2,1,3,0,50,15,807
16,14,100,3,18,9,0,2,1,2,1,9,3,3,2,1,2,1,3,0,50,15,807
5,5,240,1,6,1,0,1,0,0,1,1,1,1,1,0,0,0,3,0,49,8,1040
5,5,100,4,2,0,0,1,1,0,0,1,1,1,0,0,0,1,0,0,5,7,360
7,5,525,3,10,0,2,2,2,1,1,3,1,1,2,0,2,0,0,1,14,10,781
6,6,500,1,4,0,0,1,1,0,1,1,1,1,1,0,0,0,0,1,18,10,795
3,4,1200,1,4,1,0,1,0,1,1,1,1,0,1,0,0,0,1,0,17,8,630
22,5,840,2,10,8,1,2,2,1,1,0,2,0,1,1,1,3,4,1,32,11,815
16,14,100,3,18,9,0,2,1,2,1,9,3,3,2,1,2,1,3,0,50,15,807
5,5,140,1,2,1,0,1,0,0,1,1,0,0,0,0,0,0,2,0,7,5,376
3,4,90,1,14,1,1,1,0,1,1,1,1,1,0,0,1,0,1,0,10,8,900
7,5,525,3,10,0,2,2,2,1,1,3,1,1,2,0,2,0,0,1,14,10,781
6,4,120,2,8,1,0,1,0,0,1,1,1,0,0,0,1,1,2,0,13,9,530
6,3,250,2,4,1,1,2,1,1,1,1,1,1,1,0,0,0,1,0,19,9,1236
4,6,200,1,16,0,2,1,0,1,1,1,1,1,1,1,0,2,1,0,5,5,604
5,4,400,1,4,4,0,2,1,1,1,2,2,1,1,2,1,2,1,2,15,16,909
16,14,100,3,18,9,0,2,1,2,1,9,3,3,2,1,2,1,3,0,50,15,807
8,7,500,2,4,7,3,2,1,0,1,4,1,1,1,0,0,1,3,1,24,12,1724
6,6,500,1,4,1,0,1,0,0,0,0,1,0,1,0,0,0,0,0,7,6,679
5,5,100,4,2,0,0,1,1,0,0,1,1,1,0,0,0,1,0,0,5,7,360
6,5,400,1,16,3,0,1,0,1,1,1,1,1,0,1,1,0,2,0,17,5,875
9,8,400,2,8,4,0,2,1,1,1,3,1,1,1,0,1,1,2,0,25,19,870
5,3,150,1,6,1,1,1,0,1,1,1,1,1,1,1,1,0,2,0,14,5,1146
6,3,250,2,4,1,1,2,1,1,1,1,1,1,1,0,0,0,1,0,19,9,1236
8,7,500,2,4,7,3,2,1,0,1,4,1,1,1,0,0,1,3,1,24,12,1724
5,5,140,1,2,1,0,1,0,0,1,1,0,0,0,0,0,0,2,0,7,5,376
4,5,200,1,20,1,0,1,0,1,1,1,1,1,0,0,1,0,0,0,16,8,864
22,5,840,2,10,8,1,2,2,1,1,0,2,0,1,1,1,3,4,1,32,11,815
7,5,525,3,10,0,2,2,2,1,1,3,1,1,2,0,2,0,0,1,14,10,781
4,3,200,3,14,0,1,1,0,1,1,1,1,1,0,0,0,0,0,0,28,15,625
5,5,240,1,6,1,0,1,0,0,1,1,1,1,1,0,0,0,3,0,49,8,1040
5,5,140,1,2,1,0,1,0,0,1,1,0,0,0,0,0,0,2,0,7,5,376
5,3,150,1,4,1,1,1,1,1,1,2,1,0,0,1,0,0,1,0,18,9,666
5,4,100,1,4,0,0,8,9,7,0,1,3,2,2,0,0,0,9,1,19,10,637
4,3,200,3,14,0,1,1,0,1,1,1,1,1,0,0,0,0,0,0,28,15,625
4,4,120,1,6,0,0,1,1,0,0,0,1,1,0,0,0,0,1,0,9,9,516
6,6,500,1,6,1,1,1,0,0,1,1,1,1,0,0,0,1,0,0,6,7,711
5,5,1000,3,10,0,0,0,0,0,0,0,0,0,0,0,0,0,0,0,7,8,550
4,4,200,1,2,0,2,1,0,0,1,1,1,1,0,0,1,1,1,0,9,7,1650
6,3,250,2,4,1,1,2,1,1,1,1,1,1,1,0,0,0,1,0,19,9,1236
22,5,840,2,10,8,1,2,2,1,1,0,2,0,1,1,1,3,4,1,32,11,815
4,4,120,1,6,0,0,1,1,0,0,0,1,1,0,0,0,0,1,0,9,9,516
5,5,1000,3,10,0,0,0,0,0,0,0,0,0,0,0,0,0,0,0,7,8,550
5,5,100,4,2,0,0,1,1,0,0,1,1,1,0,0,0,1,0,0,5,7,360
4,6,200,1,16,0,2,1,0,1,1,1,1,1,1,1,0,2,1,0,5,5,604
8,4,300,2,6,2,2,2,1,1,1,2,1,1,1,0,1,0,3,1,33,19,1690
11,5,550,2,6,0,8,2,1,2,1,2,1,2,2,2,1,0,4,1,42,17,878
5,5,125,4,2,0,1,1,0,1,1,1,1,1,0,0,0,0,1,0,9,7,720
4,3,200,3,14,0,1,1,0,1,1,1,1,1,0,0,0,0,0,0,28,15,625
22,5,840,2,10,8,1,2,2,1,1,0,2,0,1,1,1,3,4,1,32,11,815
5,5,125,4,2,0,1,1,0,1,1,1,1,1,0,0,0,0,1,0,9,7,720
3,4,1200,1,4,1,0,1,0,1,1,1,1,0,1,0,0,0,1,0,17,8,630
3,6,300,1,10,0,0,1,0,0,1,0,1,0,0,0,1,1,1,0,6,10,517
6,5,400,1,16,3,0,1,0,1,1,1,1,1,0,1,1,0,2,0,17,5,875
5,5,200,1,16,2,0,1,0,1,1,3,1,1,0,0,0,0,3,0,48,13,876
7,6,500,2,2,1,1,1,1,0,1,1,1,1,1,1,1,1,1,1,9,10,900
4,4,120,1,6,0,0,1,1,0,0,0,1,1,0,0,0,0,1,0,9,9,516
4,6,200,1,16,0,2,1,0,1,1,1,1,1,1,1,0,2,1,0,5,5,604
3,4,120,1,20,0,1,1,1,0,1,1,1,0,0,1,0,0,3,0,11,8,436
5,4,400,1,4,4,0,2,1,1,1,2,2,1,1,2,1,2,1,2,15,16,909
6,3,250,2,4,1,1,2,1,1,1,1,1,1,1,0,0,0,1,0,19,9,1236
5,3,150,1,4,1,1,1,1,1,1,2,1,0,0,1,0,0,1,0,18,9,666
4,5,200,1,12,1,0,1,1,1,1,1,1,1,0,0,1,0,3,1,11,6,750
5,5,130,1,8,3,0,1,0,1,1,0,1,1,1,1,0,0,3,0,22,5,1158
4,4,200,1,2,0,2,1,0,0,1,1,1,1,0,0,1,1,1,0,9,7,1650
5,4,500,1,7,0,1,1,1,1,1,1,1,1,0,0,0,1,1,0,8,9,1181
4,4,200,1,2,0,2,1,0,0,1,1,1,1,0,0,1,1,1,0,9,7,1650
6,5,400,1,16,3,0,1,0,1,1,1,1,1,0,1,1,0,2,0,17,5,875
3,4,90,1,14,1,1,1,0,1,1,1,1,1,0,0,1,0,1,0,10,8,900
5,5,100,4,2,0,0,1,1,0,0,1,1,1,0,0,0,1,0,0,5,7,360
4,6,120,1,4,1,0,1,0,1,1,2,1,1,1,0,1,1,2,0,7,10,1210
5,5,125,4,2,0,1,1,0,1,1,1,1,1,0,0,0,0,1,0,9,7,720
3,4,90,1,14,1,1,1,0,1,1,1,1,1,0,0,1,0,1,0,10,8,900
6,4,120,2,8,1,0,1,0,0,1,1,1,0,0,0,1,1,2,0,13,9,530
10,8,100,1,8,4,0,1,1,1,1,2,1,0,1,1,2,1,1,0,52,6,920
5,4,500,1,7,0,1,1,1,1,1,1,1,1,0,0,0,1,1,0,8,9,1181
4,4,120,1,6,0,0,1,1,0,0,0,1,1,0,0,0,0,1,0,9,9,516
4,5,220,3,8,0,1,1,0,0,1,1,1,0,0,0,0,1,0,0,11,5,777
4,6,120,1,4,1,0,1,0,1,1,2,1,1,1,0,1,1,2,0,7,10,1210
6,3,200,2,14,0,2,1,0,1,1,1,1,1,1,0,0,0,0,0,5,10,824
5,3,150,1,6,1,1,1,0,1,1,1,1,1,1,1,1,0,2,0,14,5,1146
5,4,160,1,6,0,2,2,0,0,1,1,1,0,0,0,0,2,2,0,27,5,600
6,6,500,1,6,1,1,1,0,0,1,1,1,1,0,0,0,1,0,0,6,7,711
6,5,400,1,16,3,0,1,0,1,1,1,1,1,0,1,1,0,2,0,17,5,875
5,4,200,1,6,0,2,1,0,0,1,1,1,0,0,0,0,0,2,0,15,6,817
5,4,120,1,20,0,0,1,0,1,1,0,1,1,0,0,0,0,2,0,6,8,391
3,15,200,3,16,1,0,1,1,0,1,1,1,0,0,1,0,1,1,0,5,5,950
14,12,500,2,2,7,2,1,1,1,1,8,2,1,0,0,1,0,1,0,48,20,1350
5,5,100,4,2,0,0,1,1,0,0,1,1,1,0,0,0,1,0,0,5,7,360
5,4,160,1,6,0,2,2,0,0,1,1,1,0,0,0,0,2,2,0,27,5,600
4,4,100,1,12,1,0,1,0,0,1,0,1,1,0,0,1,0,1,0,24,5,796
3,3,120,1,2,0,0,1,1,0,1,0,1,0,0,0,0,0,1,0,9,9,690
5,4,120,1,20,0,0,1,0,1,1,0,1,1,0,0,0,0,2,0,6,8,391
5,4,400,1,4,4,0,2,1,1,1,2,2,1,1,2,1,2,1,2,15,16,909
6,6,500,1,6,1,1,1,0,0,1,1,1,1,0,0,0,1,0,0,6,7,711
4,5,220,3,8,0,1,1,0,0,1,1,1,0,0,0,0,1,0,0,11,5,777
5,3,150,1,4,1,1,1,1,1,1,2,1,0,0,1,0,0,1,0,18,9,666
7,5,525,3,10,0,2,2,2,1,1,3,1,1,2,0,2,0,0,1,14,10,781
4,4,200,1,2,0,2,1,0,0,1,1,1,1,0,0,1,1,1,0,9,7,1650
4,3,200,3,14,0,1,1,0,1,1,1,1,1,0,0,0,0,0,0,28,15,625
10,8,100,1,8,4,0,1,1,1,1,2,1,0,1,1,2,1,1,0,52,6,920
5,4,100,1,4,0,0,8,9,7,0,1,3,2,2,0,0,0,9,1,19,10,637
5,4,160,1,6,0,2,2,0,0,1,1,1,0,0,0,0,2,2,0,27,5,600
4,4,200,1,8,0,2,1,1,0,1,1,1,1,0,0,1,0,2,0,25,8,617
5,7,250,3,7,3,0,1,0,1,1,1,1,1,0,0,1,0,0,0,54,8,1202
3,15,200,3,16,1,0,1,1,0,1,1,1,0,0,1,0,1,1,0,5,5,950
4,4,100,1,12,1,0,1,0,0,1,0,1,1,0,0,1,0,1,0,24,5,796
4,4,200,1,2,0,2,1,0,0,1,1,1,1,0,0,1,1,1,0,9,7,1650
6,6,500,1,4,1,0,1,0,0,0,0,1,0,1,0,0,0,0,0,7,6,679
4,4,200,1,2,0,2,1,0,0,1,1,1,1,0,0,1,1,1,0,9,7,1650
5,5,100,4,2,0,0,1,1,0,0,1,1,1,0,0,0,1,0,0,5,7,360
4,6,200,1,16,0,2,1,0,1,1,1,1,1,1,1,0,2,1,0,5,5,604
4,5,220,3,8,0,1,1,0,0,1,1,1,0,0,0,0,1,0,0,11,5,777
10,8,100,1,8,4,0,1,1,1,1,2,1,0,1,1,2,1,1,0,52,6,920
3,4,1200,1,4,1,0,1,0,1,1,1,1,0,1,0,0,0,1,0,17,8,630
11,5,550,2,6,0,8,2,1,2,1,2,1,2,2,2,1,0,4,1,42,17,878
6,4,120,2,8,1,0,1,0,0,1,1,1,0,0,0,1,1,2,0,13,9,530
5,5,200,1,16,2,0,1,0,1,1,3,1,1,0,0,0,0,3,0,48,13,876
10,8,100,1,8,4,0,1,1,1,1,2,1,0,1,1,2,1,1,0,52,6,920
6,6,500,1,6,1,1,1,0,0,1,1,1,1,0,0,0,1,0,0,6,7,711
5,4,120,1,20,0,0,1,0,1,1,0,1,1,0,0,0,0,2,0,6,8,391
11,5,550,2,6,0,8,2,1,2,1,2,1,2,2,2,1,0,4,1,42,17,878
5,3,150,1,6,1,1,1,0,1,1,1,1,1,1,1,1,0,2,0,14,5,1146
11,5,550,2,6,0,8,2,1,2,1,2,1,2,2,2,1,0,4,1,42,17,878
5,3,150,1,6,1,1,1,0,1,1,1,1,1,1,1,1,0,2,0,14,5,1146
7,6,500,2,2,1,1,1,1,0,1,1,1,1,1,1,1,1,1,1,9,10,900
5,3,150,1,6,1,1,1,0,1,1,1,1,1,1,1,1,0,2,0,14,5,1146
4,4,100,1,12,1,0,1,0,0,1,0,1,1,0,0,1,0,1,0,24,5,796
5,5,200,1,16,2,0,1,0,1,1,3,1,1,0,0,0,0,3,0,48,13,876
7,6,500,2,2,1,1,1,1,0,1,1,1,1,1,1,1,1,1,1,9,10,900
5,4,160,1,6,0,2,2,0,0,1,1,1,0,0,0,0,2,2,0,27,5,600
3,3,120,1,2,0,0,1,1,0,1,0,1,0,0,0,0,0,1,0,9,9,690
3,6,300,1,10,0,0,1,0,0,1,0,1,0,0,0,1,1,1,0,6,10,517
4,4,200,1,2,0,2,1,0,0,1,1,1,1,0,0,1,1,1,0,9,7,1650
3,6,300,1,10,0,0,1,0,0,1,0,1,0,0,0,1,1,1,0,6,10,517
5,3,150,1,4,1,1,1,1,1,1,2,1,0,0,1,0,0,1,0,18,9,666
5,5,140,1,2,1,0,1,0,0,1,1,0,0,0,0,0,0,2,0,7,5,376
4,3,200,3,14,0,1,1,0,1,1,1,1,1,0,0,0,0,0,0,28,15,625
6,5,400,1,16,3,0,1,0,1,1,1,1,1,0,1,1,0,2,0,17,5,875
5,5,125,4,2,0,1,1,0,1,1,1,1,1,0,0,0,0,1,0,9,7,720
22,5,840,2,10,8,1,2,2,1,1,0,2,0,1,1,1,3,4,1,32,11,815
11,5,550,2,6,0,8,2,1,2,1,2,1,2,2,2,1,0,4,1,42,17,878
5,5,240,1,6,1,0,1,0,0,1,1,1,1,1,0,0,0,3,0,49,8,1040
16,14,100,3,18,9,0,2,1,2,1,9,3,3,2,1,2,1,3,0,50,15,807
4,4,100,1,12,1,0,1,0,0,1,0,1,1,0,0,1,0,1,0,24,5,796
5,5,125,4,2,0,1,1,0,1,1,1,1,1,0,0,0,0,1,0,9,7,720
4,3,200,3,14,0,1,1,0,1,1,1,1,1,0,0,0,0,0,0,28,15,625
22,5,840,2,10,8,1,2,2,1,1,0,2,0,1,1,1,3,4,1,32,11,815
10,8,100,1,8,4,0,1,1,1,1,2,1,0,1,1,2,1,1,0,52,6,920
3,4,90,1,14,1,1,1,0,1,1,1,1,1,0,0,1,0,1,0,10,8,900
14,12,500,2,2,7,2,1,1,1,1,8,2,1,0,0,1,0,1,0,48,20,1350
11,5,550,2,6,0,8,2,1,2,1,2,1,2,2,2,1,0,4,1,42,17,878
6,6,500,1,4,1,0,1,0,0,0,0,1,0,1,0,0,0,0,0,7,6,679
5,5,100,4,2,0,0,1,1,0,0,1,1,1,0,0,0,1,0,0,5,7,360
4,6,200,1,16,0,2,1,0,1,1,1,1,1,1,1,0,2,1,0,5,5,604
4,6,120,1,4,1,0,1,0,1,1,2,1,1,1,0,1,1,2,0,7,10,1210
10,8,100,1,8,4,0,1,1,1,1,2,1,0,1,1,2,1,1,0,52,6,920
6,6,500,1,6,1,1,1,0,0,1,1,1,1,0,0,0,1,0,0,6,7,711
6,5,400,1,16,3,0,1,0,1,1,1,1,1,0,1,1,0,2,0,17,5,875
14,12,500,2,2,7,2,1,1,1,1,8,2,1,0,0,1,0,1,0,48,20,1350
16,14,100,3,18,9,0,2,1,2,1,9,3,3,2,1,2,1,3,0,50,15,807
7,5,525,3,10,0,2,2,2,1,1,3,1,1,2,0,2,0,0,1,14,10,781
6,6,500,1,4,1,0,1,0,0,0,0,1,0,1,0,0,0,0,0,7,6,679
5,5,1000,3,10,0,0,0,0,0,0,0,0,0,0,0,0,0,0,0,7,8,550
6,3,200,2,14,0,2,1,0,1,1,1,1,1,1,0,0,0,0,0,5,10,824
5,5,1000,3,10,0,0,0,0,0,0,0,0,0,0,0,0,0,0,0,7,8,550
5,5,130,1,8,3,0,1,0,1,1,0,1,1,1,1,0,0,3,0,22,5,1158
16,14,100,3,18,9,0,2,1,2,1,9,3,3,2,1,2,1,3,0,50,15,807
6,4,120,2,8,1,0,1,0,0,1,1,1,0,0,0,1,1,2,0,13,9,530
4,6,120,1,4,1,0,1,0,1,1,2,1,1,1,0,1,1,2,0,7,10,1210
10,8,100,1,8,4,0,1,1,1,1,2,1,0,1,1,2,1,1,0,52,6,920
6,6,500,1,4,1,0,1,0,0,0,0,1,0,1,0,0,0,0,0,7,6,679
6,3,200,2,14,0,2,1,0,1,1,1,1,1,1,0,0,0,0,0,5,10,824
5,3,150,1,6,1,1,1,0,1,1,1,1,1,1,1,1,0,2,0,14,5,1146
8,7,500,2,4,7,3,2,1,0,1,4,1,1,1,0,0,1,3,1,24,12,1724
6,5,400,1,16,3,0,1,0,1,1,1,1,1,0,1,1,0,2,0,17,5,875
6,6,500,1,4,0,0,1,1,0,1,1,1,1,1,0,0,0,0,1,18,10,795
5,5,100,4,2,0,0,1,1,0,0,1,1,1,0,0,0,1,0,0,5,7,360
6,3,250,2,4,1,1,2,1,1,1,1,1,1,1,0,0,0,1,0,19,9,1236
7,6,500,2,2,1,1,1,1,0,1,1,1,1,1,1,1,1,1,1,9,10,900
5,4,160,1,6,0,2,2,0,0,1,1,1,0,0,0,0,2,2,0,27,5,600
5,5,240,1,6,1,0,1,0,0,1,1,1,1,1,0,0,0,3,0,49,8,1040
3,4,90,1,14,1,1,1,0,1,1,1,1,1,0,0,1,0,1,0,10,8,900
5,4,400,1,4,4,0,2,1,1,1,2,2,1,1,2,1,2,1,2,15,16,909
9,8,400,2,8,4,0,2,1,1,1,3,1,1,1,0,1,1,2,0,25,19,870
6,3,200,2,14,0,2,1,0,1,1,1,1,1,1,0,0,0,0,0,5,10,824
6,6,500,1,6,1,1,1,0,0,1,1,1,1,0,0,0,1,0,0,6,7,711
11,5,550,2,6,0,8,2,1,2,1,2,1,2,2,2,1,0,4,1,42,17,878
5,5,125,4,2,0,1,1,0,1,1,1,1,1,0,0,0,0,1,0,9,7,720
4,4,200,1,2,0,2,1,0,0,1,1,1,1,0,0,1,1,1,0,9,7,1650
4,5,200,1,12,1,0,1,1,1,1,1,1,1,0,0,1,0,3,1,11,6,750
6,4,120,2,8,1,0,1,0,0,1,1,1,0,0,0,1,1,2,0,13,9,530
6,3,200,2,14,0,2,1,0,1,1,1,1,1,1,0,0,0,0,0,5,10,824
4,4,100,1,12,1,0,1,0,0,1,0,1,1,0,0,1,0,1,0,24,5,796
22,5,840,2,10,8,1,2,2,1,1,0,2,0,1,1,1,3,4,1,32,11,815
3,6,300,1,10,0,0,1,0,0,1,0,1,0,0,0,1,1,1,0,6,10,517
8,7,500,2,4,7,3,2,1,0,1,4,1,1,1,0,0,1,3,1,24,12,1724
4,6,45,1,2,1,0,1,1,1,1,1,1,1,0,0,0,4,1,0,16,6,790
10,8,100,1,8,4,0,1,1,1,1,2,1,0,1,1,2,1,1,0,52,6,920
4,4,200,1,2,0,2,1,0,0,1,1,1,1,0,0,1,1,1,0,9,7,1650
5,5,200,1,16,2,0,1,0,1,1,3,1,1,0,0,0,0,3,0,48,13,876
7,6,500,2,2,1,1,1,1,0,1,1,1,1,1,1,1,1,1,1,9,10,900
5,5,130,1,8,3,0,1,0,1,1,0,1,1,1,1,0,0,3,0,22,5,1158
6,6,500,1,4,1,0,1,0,0,0,0,1,0,1,0,0,0,0,0,7,6,679
3,4,1200,1,4,1,0,1,0,1,1,1,1,0,1,0,0,0,1,0,17,8,630
10,5,350,2,2,2,1,1,1,0,1,1,1,1,0,0,0,2,3,0,20,6,945
3,15,200,3,16,1,0,1,1,0,1,1,1,0,0,1,0,1,1,0,5,5,950
5,4,160,1,6,0,2,2,0,0,1,1,1,0,0,0,0,2,2,0,27,5,600
5,4,160,1,6,0,2,2,0,0,1,1,1,0,0,0,0,2,2,0,27,5,600
3,4,1200,1,4,1,0,1,0,1,1,1,1,0,1,0,0,0,1,0,17,8,630
6,3,250,2,4,1,1,2,1,1,1,1,1,1,1,0,0,0,1,0,19,9,1236
5,4,100,1,4,0,0,8,9,7,0,1,3,2,2,0,0,0,9,1,19,10,637
3,4,90,1,14,1,1,1,0,1,1,1,1,1,0,0,1,0,1,0,10,8,900
6,6,500,1,4,0,0,1,1,0,1,1,1,1,1,0,0,0,0,1,18,10,795
6,3,250,2,4,1,1,2,1,1,1,1,1,1,1,0,0,0,1,0,19,9,1236
6,3,200,2,14,0,2,1,0,1,1,1,1,1,1,0,0,0,0,0,5,10,824
16,14,100,3,18,9,0,2,1,2,1,9,3,3,2,1,2,1,3,0,50,15,807
3,4,90,1,14,1,1,1,0,1,1,1,1,1,0,0,1,0,1,0,10,8,900
4,5,220,3,8,0,1,1,0,0,1,1,1,0,0,0,0,1,0,0,11,5,777
14,12,500,2,2,7,2,1,1,1,1,8,2,1,0,0,1,0,1,0,48,20,1350
6,3,250,2,4,1,1,2,1,1,1,1,1,1,1,0,0,0,1,0,19,9,1236
5,4,160,1,6,0,2,2,0,0,1,1,1,0,0,0,0,2,2,0,27,5,600
5,7,250,3,7,3,0,1,0,1,1,1,1,1,0,0,1,0,0,0,54,8,1202
4,4,200,1,8,0,2,1,1,0,1,1,1,1,0,0,1,0,2,0,25,8,617
16,14,100,3,18,9,0,2,1,2,1,9,3,3,2,1,2,1,3,0,50,15,807
5,5,1000,3,10,0,0,0,0,0,0,0,0,0,0,0,0,0,0,0,7,8,550
5,4,100,1,4,0,0,8,9,7,0,1,3,2,2,0,0,0,9,1,19,10,637
8,7,500,2,4,7,3,2,1,0,1,4,1,1,1,0,0,1,3,1,24,12,1724
6,5,400,1,16,3,0,1,0,1,1,1,1,1,0,1,1,0,2,0,17,5,875
10,5,350,2,2,2,1,1,1,0,1,1,1,1,0,0,0,2,3,0,20,6,945
10,8,100,1,8,4,0,1,1,1,1,2,1,0,1,1,2,1,1,0,52,6,920
16,14,100,3,18,9,0,2,1,2,1,9,3,3,2,1,2,1,3,0,50,15,807
4,5,220,3,8,0,1,1,0,0,1,1,1,0,0,0,0,1,0,0,11,5,777
3,4,90,1,14,1,1,1,0,1,1,1,1,1,0,0,1,0,1,0,10,8,900
7,5,525,3,10,0,2,2,2,1,1,3,1,1,2,0,2,0,0,1,14,10,781
5,4,160,1,6,0,2,2,0,0,1,1,1,0,0,0,0,2,2,0,27,5,600
11,5,550,2,6,0,8,2,1,2,1,2,1,2,2,2,1,0,4,1,42,17,878
6,6,500,1,4,1,0,1,0,0,0,0,1,0,1,0,0,0,0,0,7,6,679
5,5,240,1,6,1,0,1,0,0,1,1,1,1,1,0,0,0,3,0,49,8,1040
4,4,120,1,6,0,0,1,1,0,0,0,1,1,0,0,0,0,1,0,9,9,516
5,3,150,1,6,1,1,1,0,1,1,1,1,1,1,1,1,0,2,0,14,5,1146
8,7,500,2,4,7,3,2,1,0,1,4,1,1,1,0,0,1,3,1,24,12,1724
4,5,220,3,8,0,1,1,0,0,1,1,1,0,0,0,0,1,0,0,11,5,777
3,3,120,1,2,0,0,1,1,0,1,0,1,0,0,0,0,0,1,0,9,9,690
8,4,300,2,6,2,2,2,1,1,1,2,1,1,1,0,1,0,3,1,33,19,1690
4,4,100,1,12,1,0,1,0,0,1,0,1,1,0,0,1,0,1,0,24,5,796
5,4,500,1,7,0,1,1,1,1,1,1,1,1,0,0,0,1,1,0,8,9,1181
4,4,120,1,6,0,0,1,1,0,0,0,1,1,0,0,0,0,1,0,9,9,516
6,3,200,2,14,0,2,1,0,1,1,1,1,1,1,0,0,0,0,0,5,10,824
4,6,45,1,2,1,0,1,1,1,1,1,1,1,0,0,0,4,1,0,16,6,790
3,15,200,3,16,1,0,1,1,0,1,1,1,0,0,1,0,1,1,0,5,5,950
14,12,500,2,2,7,2,1,1,1,1,8,2,1,0,0,1,0,1,0,48,20,1350
4,4,120,1,6,0,0,1,1,0,0,0,1,1,0,0,0,0,1,0,9,9,516
5,3,150,1,4,1,1,1,1,1,1,2,1,0,0,1,0,0,1,0,18,9,666
14,12,500,2,2,7,2,1,1,1,1,8,2,1,0,0,1,0,1,0,48,20,1350
4,3,200,3,14,0,1,1,0,1,1,1,1,1,0,0,0,0,0,0,28,15,625
10,5,350,2,2,2,1,1,1,0,1,1,1,1,0,0,0,2,3,0,20,6,945
3,15,200,3,16,1,0,1,1,0,1,1,1,0,0,1,0,1,1,0,5,5,950
6,6,500,1,4,0,0,1,1,0,1,1,1,1,1,0,0,0,0,1,18,10,795
6,6,500,1,4,0,0,1,1,0,1,1,1,1,1,0,0,0,0,1,18,10,795
5,4,160,1,6,0,2,2,0,0,1,1,1,0,0,0,0,2,2,0,27,5,600
5,3,150,1,6,1,1,1,0,1,1,1,1,1,1,1,1,0,2,0,14,5,1146
8,4,300,2,6,2,2,2,1,1,1,2,1,1,1,0,1,0,3,1,33,19,1690
6,3,200,2,14,0,2,1,0,1,1,1,1,1,1,0,0,0,0,0,5,10,824
5,4,500,1,7,0,1,1,1,1,1,1,1,1,0,0,0,1,1,0,8,9,1181
3,6,300,1,10,0,0,1,0,0,1,0,1,0,0,0,1,1,1,0,6,10,517
5,4,160,1,6,0,2,2,0,0,1,1,1,0,0,0,0,2,2,0,27,5,600
4,3,200,3,14,0,1,1,0,1,1,1,1,1,0,0,0,0,0,0,28,15,625
5,4,160,1,6,0,2,2,0,0,1,1,1,0,0,0,0,2,2,0,27,5,600
3,3,120,1,2,0,0,1,1,0,1,0,1,0,0,0,0,0,1,0,9,9,690
5,5,100,4,2,0,0,1,1,0,0,1,1,1,0,0,0,1,0,0,5,7,360
4,5,220,3,8,0,1,1,0,0,1,1,1,0,0,0,0,1,0,0,11,5,777
3,4,1200,1,4,1,0,1,0,1,1,1,1,0,1,0,0,0,1,0,17,8,630
5,4,160,1,6,0,2,2,0,0,1,1,1,0,0,0,0,2,2,0,27,5,600
14,12,500,2,2,7,2,1,1,1,1,8,2,1,0,0,1,0,1,0,48,20,1350
6,4,120,2,8,1,0,1,0,0,1,1,1,0,0,0,1,1,2,0,13,9,530
5,5,130,1,8,3,0,1,0,1,1,0,1,1,1,1,0,0,3,0,22,5,1158
3,4,90,1,14,1,1,1,0,1,1,1,1,1,0,0,1,0,1,0,10,8,900
3,4,1200,1,4,1,0,1,0,1,1,1,1,0,1,0,0,0,1,0,17,8,630
5,3,150,1,6,1,1,1,0,1,1,1,1,1,1,1,1,0,2,0,14,5,1146
4,6,200,1,16,0,2,1,0,1,1,1,1,1,1,1,0,2,1,0,5,5,604
5,4,120,1,20,0,0,1,0,1,1,0,1,1,0,0,0,0,2,0,6,8,391
4,5,220,3,8,0,1,1,0,0,1,1,1,0,0,0,0,1,0,0,11,5,777
4,3,200,3,14,0,1,1,0,1,1,1,1,1,0,0,0,0,0,0,28,15,625
5,5,100,4,2,0,0,1,1,0,0,1,1,1,0,0,0,1,0,0,5,7,360
4,4,100,1,12,1,0,1,0,0,1,0,1,1,0,0,1,0,1,0,24,5,796
11,5,550,2,6,0,8,2,1,2,1,2,1,2,2,2,1,0,4,1,42,17,878
6,4,120,2,8,1,0,1,0,0,1,1,1,0,0,0,1,1,2,0,13,9,530
5,4,120,1,20,0,0,1,0,1,1,0,1,1,0,0,0,0,2,0,6,8,391
22,5,840,2,10,8,1,2,2,1,1,0,2,0,1,1,1,3,4,1,32,11,815
6,5,400,1,16,3,0,1,0,1,1,1,1,1,0,1,1,0,2,0,17,5,875
6,3,200,2,14,0,2,1,0,1,1,1,1,1,1,0,0,0,0,0,5,10,824
14,12,500,2,2,7,2,1,1,1,1,8,2,1,0,0,1,0,1,0,48,20,1350
4,4,200,1,8,0,2,1,1,0,1,1,1,1,0,0,1,0,2,0,25,8,617
6,6,500,1,4,0,0,1,1,0,1,1,1,1,1,0,0,0,0,1,18,10,795
10,8,100,1,8,4,0,1,1,1,1,2,1,0,1,1,2,1,1,0,52,6,920
5,4,120,1,20,0,0,1,0,1,1,0,1,1,0,0,0,0,2,0,6,8,391
5,3,150,1,6,1,1,1,0,1,1,1,1,1,1,1,1,0,2,0,14,5,1146
6,6,500,1,4,0,0,1,1,0,1,1,1,1,1,0,0,0,0,1,18,10,795
4,5,200,1,20,1,0,1,0,1,1,1,1,1,0,0,1,0,0,0,16,8,864
5,5,125,4,2,0,1,1,0,1,1,1,1,1,0,0,0,0,1,0,9,7,720
6,6,500,1,4,1,0,1,0,0,0,0,1,0,1,0,0,0,0,0,7,6,679
6,3,250,2,4,1,1,2,1,1,1,1,1,1,1,0,0,0,1,0,19,9,1236
5,5,200,1,16,2,0,1,0,1,1,3,1,1,0,0,0,0,3,0,48,13,876
7,5,525,3,10,0,2,2,2,1,1,3,1,1,2,0,2,0,0,1,14,10,781
6,5,400,1,16,3,0,1,0,1,1,1,1,1,0,1,1,0,2,0,17,5,875
8,4,300,2,6,2,2,2,1,1,1,2,1,1,1,0,1,0,3,1,33,19,1690
6,6,500,1,6,1,1,1,0,0,1,1,1,1,0,0,0,1,0,0,6,7,711
3,4,120,1,20,0,1,1,1,0,1,1,1,0,0,1,0,0,3,0,11,8,436
4,6,45,1,2,1,0,1,1,1,1,1,1,1,0,0,0,4,1,0,16,6,790
6,6,500,1,6,1,1,1,0,0,1,1,1,1,0,0,0,1,0,0,6,7,711
4,5,200,1,20,1,0,1,0,1,1,1,1,1,0,0,1,0,0,0,16,8,864
6,4,120,2,8,1,0,1,0,0,1,1,1,0,0,0,1,1,2,0,13,9,530
3,15,200,3,16,1,0,1,1,0,1,1,1,0,0,1,0,1,1,0,5,5,950
6,5,400,1,16,3,0,1,0,1,1,1,1,1,0,1,1,0,2,0,17,5,875
16,14,100,3,18,9,0,2,1,2,1,9,3,3,2,1,2,1,3,0,50,15,807
5,5,1000,3,10,0,0,0,0,0,0,0,0,0,0,0,0,0,0,0,7,8,550
4,4,120,1,6,0,0,1,1,0,0,0,1,1,0,0,0,0,1,0,9,9,516
5,4,160,1,6,0,2,2,0,0,1,1,1,0,0,0,0,2,2,0,27,5,600
6,3,250,2,4,1,1,2,1,1,1,1,1,1,1,0,0,0,1,0,19,9,1236
5,5,240,1,6,1,0,1,0,0,1,1,1,1,1,0,0,0,3,0,49,8,1040
5,5,240,1,6,1,0,1,0,0,1,1,1,1,1,0,0,0,3,0,49,8,1040
4,5,220,3,8,0,1,1,0,0,1,1,1,0,0,0,0,1,0,0,11,5,777
16,14,100,3,18,9,0,2,1,2,1,9,3,3,2,1,2,1,3,0,50,15,807
4,3,200,3,14,0,1,1,0,1,1,1,1,1,0,0,0,0,0,0,28,15,625
5,5,125,4,2,0,1,1,0,1,1,1,1,1,0,0,0,0,1,0,9,7,720
5,5,1000,3,10,0,0,0,0,0,0,0,0,0,0,0,0,0,0,0,7,8,550
4,5,220,3,8,0,1,1,0,0,1,1,1,0,0,0,0,1,0,0,11,5,777
5,5,130,1,8,3,0,1,0,1,1,0,1,1,1,1,0,0,3,0,22,5,1158
7,5,525,3,10,0,2,2,2,1,1,3,1,1,2,0,2,0,0,1,14,10,781
5,4,500,1,7,0,1,1,1,1,1,1,1,1,0,0,0,1,1,0,8,9,1181
7,6,500,2,2,1,1,1,1,0,1,1,1,1,1,1,1,1,1,1,9,10,900
5,4,200,1,6,0,2,1,0,0,1,1,1,0,0,0,0,0,2,0,15,6,817
5,4,500,1,7,0,1,1,1,1,1,1,1,1,0,0,0,1,1,0,8,9,1181
4,4,200,1,8,0,2,1,1,0,1,1,1,1,0,0,1,0,2,0,25,8,617
5,5,200,1,16,2,0,1,0,1,1,3,1,1,0,0,0,0,3,0,48,13,876
8,7,500,2,4,7,3,2,1,0,1,4,1,1,1,0,0,1,3,1,24,12,1724
6,6,500,1,6,1,1,1,0,0,1,1,1,1,0,0,0,1,0,0,6,7,711
5,4,500,1,7,0,1,1,1,1,1,1,1,1,0,0,0,1,1,0,8,9,1181
6,6,500,1,6,1,1,1,0,0,1,1,1,1,0,0,0,1,0,0,6,7,711
6,3,200,2,14,0,2,1,0,1,1,1,1,1,1,0,0,0,0,0,5,10,824
4,5,220,3,8,0,1,1,0,0,1,1,1,0,0,0,0,1,0,0,11,5,777
3,4,120,1,20,0,1,1,1,0,1,1,1,0,0,1,0,0,3,0,11,8,436
4,4,200,1,8,0,2,1,1,0,1,1,1,1,0,0,1,0,2,0,25,8,617
5,7,250,3,7,3,0,1,0,1,1,1,1,1,0,0,1,0,0,0,54,8,1202
6,6,500,1,4,1,0,1,0,0,0,0,1,0,1,0,0,0,0,0,7,6,679
5,5,200,1,16,2,0,1,0,1,1,3,1,1,0,0,0,0,3,0,48,13,876
22,5,840,2,10,8,1,2,2,1,1,0,2,0,1,1,1,3,4,1,32,11,815
4,6,120,1,4,1,0,1,0,1,1,2,1,1,1,0,1,1,2,0,7,10,1210
5,4,120,1,20,0,0,1,0,1,1,0,1,1,0,0,0,0,2,0,6,8,391
11,5,550,2,6,0,8,2,1,2,1,2,1,2,2,2,1,0,4,1,42,17,878
5,4,400,1,4,4,0,2,1,1,1,2,2,1,1,2,1,2,1,2,15,16,909
5,7,250,3,7,3,0,1,0,1,1,1,1,1,0,0,1,0,0,0,54,8,1202
5,4,120,1,20,0,0,1,0,1,1,0,1,1,0,0,0,0,2,0,6,8,391
6,5,400,1,16,3,0,1,0,1,1,1,1,1,0,1,1,0,2,0,17,5,875
7,5,525,3,10,0,2,2,2,1,1,3,1,1,2,0,2,0,0,1,14,10,781
5,3,150,1,4,1,1,1,1,1,1,2,1,0,0,1,0,0,1,0,18,9,666
8,4,300,2,6,2,2,2,1,1,1,2,1,1,1,0,1,0,3,1,33,19,1690
5,5,240,1,6,1,0,1,0,0,1,1,1,1,1,0,0,0,3,0,49,8,1040
5,3,150,1,6,1,1,1,0,1,1,1,1,1,1,1,1,0,2,0,14,5,1146
7,5,525,3,10,0,2,2,2,1,1,3,1,1,2,0,2,0,0,1,14,10,781
5,4,100,1,4,0,0,8,9,7,0,1,3,2,2,0,0,0,9,1,19,10,637
3,4,90,1,14,1,1,1,0,1,1,1,1,1,0,0,1,0,1,0,10,8,900
4,5,200,1,12,1,0,1,1,1,1,1,1,1,0,0,1,0,3,1,11,6,750
6,3,250,2,4,1,1,2,1,1,1,1,1,1,1,0,0,0,1,0,19,9,1236
8,4,300,2,6,2,2,2,1,1,1,2,1,1,1,0,1,0,3,1,33,19,1690
5,5,1000,3,10,0,0,0,0,0,0,0,0,0,0,0,0,0,0,0,7,8,550
10,5,350,2,2,2,1,1,1,0,1,1,1,1,0,0,0,2,3,0,20,6,945
5,5,240,1,6,1,0,1,0,0,1,1,1,1,1,0,0,0,3,0,49,8,1040
4,4,200,1,2,0,2,1,0,0,1,1,1,1,0,0,1,1,1,0,9,7,1650
16,14,100,3,18,9,0,2,1,2,1,9,3,3,2,1,2,1,3,0,50,15,807
6,6,500,1,4,0,0,1,1,0,1,1,1,1,1,0,0,0,0,1,18,10,795
11,5,550,2,6,0,8,2,1,2,1,2,1,2,2,2,1,0,4,1,42,17,878
5,5,125,4,2,0,1,1,0,1,1,1,1,1,0,0,0,0,1,0,9,7,720
5,4,120,1,20,0,0,1,0,1,1,0,1,1,0,0,0,0,2,0,6,8,391
7,5,525,3,10,0,2,2,2,1,1,3,1,1,2,0,2,0,0,1,14,10,781
4,5,200,1,12,1,0,1,1,1,1,1,1,1,0,0,1,0,3,1,11,6,750
3,4,120,1,20,0,1,1,1,0,1,1,1,0,0,1,0,0,3,0,11,8,436
8,4,300,2,6,2,2,2,1,1,1,2,1,1,1,0,1,0,3,1,33,19,1690
5,5,1000,3,10,0,0,0,0,0,0,0,0,0,0,0,0,0,0,0,7,8,550
4,4,200,1,8,0,2,1,1,0,1,1,1,1,0,0,1,0,2,0,25,8,617
5,5,200,1,16,2,0,1,0,1,1,3,1,1,0,0,0,0,3,0,48,13,876
3,3,120,1,2,0,0,1,1,0,1,0,1,0,0,0,0,0,1,0,9,9,690
16,14,100,3,18,9,0,2,1,2,1,9,3,3,2,1,2,1,3,0,50,15,807
5,5,100,4,2,0,0,1,1,0,0,1,1,1,0,0,0,1,0,0,5,7,360
11,5,550,2,6,0,8,2,1,2,1,2,1,2,2,2,1,0,4,1,42,17,878
3,3,120,1,2,0,0,1,1,0,1,0,1,0,0,0,0,0,1,0,9,9,690
5,3,150,1,4,1,1,1,1,1,1,2,1,0,0,1,0,0,1,0,18,9,666
5,4,200,1,6,0,2,1,0,0,1,1,1,0,0,0,0,0,2,0,15,6,817
5,3,150,1,6,1,1,1,0,1,1,1,1,1,1,1,1,0,2,0,14,5,1146
5,5,140,1,2,1,0,1,0,0,1,1,0,0,0,0,0,0,2,0,7,5,376
4,4,120,1,6,0,0,1,1,0,0,0,1,1,0,0,0,0,1,0,9,9,516
5,4,100,1,4,0,0,8,9,7,0,1,3,2,2,0,0,0,9,1,19,10,637
3,4,1200,1,4,1,0,1,0,1,1,1,1,0,1,0,0,0,1,0,17,8,630
6,6,500,1,4,1,0,1,0,0,0,0,1,0,1,0,0,0,0,0,7,6,679
6,6,500,1,4,1,0,1,0,0,0,0,1,0,1,0,0,0,0,0,7,6,679
5,5,240,1,6,1,0,1,0,0,1,1,1,1,1,0,0,0,3,0,49,8,1040
4,4,100,1,12,1,0,1,0,0,1,0,1,1,0,0,1,0,1,0,24,5,796
5,4,160,1,6,0,2,2,0,0,1,1,1,0,0,0,0,2,2,0,27,5,600
4,3,200,3,14,0,1,1,0,1,1,1,1,1,0,0,0,0,0,0,28,15,625
5,3,150,1,6,1,1,1,0,1,1,1,1,1,1,1,1,0,2,0,14,5,1146
4,6,45,1,2,1,0,1,1,1,1,1,1,1,0,0,0,4,1,0,16,6,790
6,3,250,2,4,1,1,2,1,1,1,1,1,1,1,0,0,0,1,0,19,9,1236
8,7,500,2,4,7,3,2,1,0,1,4,1,1,1,0,0,1,3,1,24,12,1724
5,4,200,1,6,0,2,1,0,0,1,1,1,0,0,0,0,0,2,0,15,6,817
4,6,200,1,16,0,2,1,0,1,1,1,1,1,1,1,0,2,1,0,5,5,604
10,8,100,1,8,4,0,1,1,1,1,2,1,0,1,1,2,1,1,0,52,6,920
4,6,120,1,4,1,0,1,0,1,1,2,1,1,1,0,1,1,2,0,7,10,1210
3,6,300,1,10,0,0,1,0,0,1,0,1,0,0,0,1,1,1,0,6,10,517
22,5,840,2,10,8,1,2,2,1,1,0,2,0,1,1,1,3,4,1,32,11,815
4,4,100,1,12,1,0,1,0,0,1,0,1,1,0,0,1,0,1,0,24,5,796
5,5,100,4,2,0,0,1,1,0,0,1,1,1,0,0,0,1,0,0,5,7,360
4,6,45,1,2,1,0,1,1,1,1,1,1,1,0,0,0,4,1,0,16,6,790
10,5,350,2,2,2,1,1,1,0,1,1,1,1,0,0,0,2,3,0,20,6,945
4,4,100,1,12,1,0,1,0,0,1,0,1,1,0,0,1,0,1,0,24,5,796
6,5,400,1,16,3,0,1,0,1,1,1,1,1,0,1,1,0,2,0,17,5,875
3,6,300,1,10,0,0,1,0,0,1,0,1,0,0,0,1,1,1,0,6,10,517
5,5,130,1,8,3,0,1,0,1,1,0,1,1,1,1,0,0,3,0,22,5,1158
6,4,120,2,8,1,0,1,0,0,1,1,1,0,0,0,1,1,2,0,13,9,530
4,5,200,1,12,1,0,1,1,1,1,1,1,1,0,0,1,0,3,1,11,6,750
6,3,250,2,4,1,1,2,1,1,1,1,1,1,1,0,0,0,1,0,19,9,1236
22,5,840,2,10,8,1,2,2,1,1,0,2,0,1,1,1,3,4,1,32,11,815
5,5,130,1,8,3,0,1,0,1,1,0,1,1,1,1,0,0,3,0,22,5,1158
5,4,400,1,4,4,0,2,1,1,1,2,2,1,1,2,1,2,1,2,15,16,909
5,4,200,1,6,0,2,1,0,0,1,1,1,0,0,0,0,0,2,0,15,6,817
8,4,300,2,6,2,2,2,1,1,1,2,1,1,1,0,1,0,3,1,33,19,1690
4,6,45,1,2,1,0,1,1,1,1,1,1,1,0,0,0,4,1,0,16,6,790
5,5,130,1,8,3,0,1,0,1,1,0,1,1,1,1,0,0,3,0,22,5,1158
8,7,500,2,4,7,3,2,1,0,1,4,1,1,1,0,0,1,3,1,24,12,1724
3,6,300,1,10,0,0,1,0,0,1,0,1,0,0,0,1,1,1,0,6,10,517
5,4,120,1,20,0,0,1,0,1,1,0,1,1,0,0,0,0,2,0,6,8,391
4,4,200,1,2,0,2,1,0,0,1,1,1,1,0,0,1,1,1,0,9,7,1650
4,6,120,1,4,1,0,1,0,1,1,2,1,1,1,0,1,1,2,0,7,10,1210
4,6,120,1,4,1,0,1,0,1,1,2,1,1,1,0,1,1,2,0,7,10,1210
5,5,130,1,8,3,0,1,0,1,1,0,1,1,1,1,0,0,3,0,22,5,1158
11,5,550,2,6,0,8,2,1,2,1,2,1,2,2,2,1,0,4,1,42,17,878
3,6,300,1,10,0,0,1,0,0,1,0,1,0,0,0,1,1,1,0,6,10,517
4,5,200,1,12,1,0,1,1,1,1,1,1,1,0,0,1,0,3,1,11,6,750
7,6,500,2,2,1,1,1,1,0,1,1,1,1,1,1,1,1,1,1,9,10,900
3,6,300,1,10,0,0,1,0,0,1,0,1,0,0,0,1,1,1,0,6,10,517
5,4,500,1,7,0,1,1,1,1,1,1,1,1,0,0,0,1,1,0,8,9,1181
10,8,100,1,8,4,0,1,1,1,1,2,1,0,1,1,2,1,1,0,52,6,920
4,6,45,1,2,1,0,1,1,1,1,1,1,1,0,0,0,4,1,0,16,6,790
9,8,400,2,8,4,0,2,1,1,1,3,1,1,1,0,1,1,2,0,25,19,870
5,4,400,1,4,4,0,2,1,1,1,2,2,1,1,2,1,2,1,2,15,16,909
5,4,100,1,4,0,0,8,9,7,0,1,3,2,2,0,0,0,9,1,19,10,637
5,5,240,1,6,1,0,1,0,0,1,1,1,1,1,0,0,0,3,0,49,8,1040
5,5,1000,3,10,0,0,0,0,0,0,0,0,0,0,0,0,0,0,0,7,8,550
4,4,100,1,12,1,0,1,0,0,1,0,1,1,0,0,1,0,1,0,24,5,796
4,4,120,1,6,0,0,1,1,0,0,0,1,1,0,0,0,0,1,0,9,9,516
4,6,200,1,16,0,2,1,0,1,1,1,1,1,1,1,0,2,1,0,5,5,604
5,5,125,4,2,0,1,1,0,1,1,1,1,1,0,0,0,0,1,0,9,7,720
4,6,120,1,4,1,0,1,0,1,1,2,1,1,1,0,1,1,2,0,7,10,1210
4,4,100,1,12,1,0,1,0,0,1,0,1,1,0,0,1,0,1,0,24,5,796
6,6,500,1,6,1,1,1,0,0,1,1,1,1,0,0,0,1,0,0,6,7,711
5,5,125,4,2,0,1,1,0,1,1,1,1,1,0,0,0,0,1,0,9,7,720
6,6,500,1,6,1,1,1,0,0,1,1,1,1,0,0,0,1,0,0,6,7,711
5,4,160,1,6,0,2,2,0,0,1,1,1,0,0,0,0,2,2,0,27,5,600
7,6,500,2,2,1,1,1,1,0,1,1,1,1,1,1,1,1,1,1,9,10,900
6,4,120,2,8,1,0,1,0,0,1,1,1,0,0,0,1,1,2,0,13,9,530
7,6,500,2,2,1,1,1,1,0,1,1,1,1,1,1,1,1,1,1,9,10,900
4,5,200,1,20,1,0,1,0,1,1,1,1,1,0,0,1,0,0,0,16,8,864
5,5,200,1,16,2,0,1,0,1,1,3,1,1,0,0,0,0,3,0,48,13,876
3,6,300,1,10,0,0,1,0,0,1,0,1,0,0,0,1,1,1,0,6,10,517
3,3,120,1,2,0,0,1,1,0,1,0,1,0,0,0,0,0,1,0,9,9,690
4,4,200,1,2,0,2,1,0,0,1,1,1,1,0,0,1,1,1,0,9,7,1650
5,7,250,3,7,3,0,1,0,1,1,1,1,1,0,0,1,0,0,0,54,8,1202
4,4,200,1,2,0,2,1,0,0,1,1,1,1,0,0,1,1,1,0,9,7,1650
5,4,500,1,7,0,1,1,1,1,1,1,1,1,0,0,0,1,1,0,8,9,1181
3,6,300,1,10,0,0,1,0,0,1,0,1,0,0,0,1,1,1,0,6,10,517
5,5,240,1,6,1,0,1,0,0,1,1,1,1,1,0,0,0,3,0,49,8,1040
5,3,150,1,4,1,1,1,1,1,1,2,1,0,0,1,0,0,1,0,18,9,666
4,5,200,1,20,1,0,1,0,1,1,1,1,1,0,0,1,0,0,0,16,8,864
10,8,100,1,8,4,0,1,1,1,1,2,1,0,1,1,2,1,1,0,52,6,920
22,5,840,2,10,8,1,2,2,1,1,0,2,0,1,1,1,3,4,1,32,11,815
3,4,90,1,14,1,1,1,0,1,1,1,1,1,0,0,1,0,1,0,10,8,900
7,5,525,3,10,0,2,2,2,1,1,3,1,1,2,0,2,0,0,1,14,10,781
5,4,160,1,6,0,2,2,0,0,1,1,1,0,0,0,0,2,2,0,27,5,600
3,4,90,1,14,1,1,1,0,1,1,1,1,1,0,0,1,0,1,0,10,8,900
4,5,200,1,20,1,0,1,0,1,1,1,1,1,0,0,1,0,0,0,16,8,864
7,6,500,2,2,1,1,1,1,0,1,1,1,1,1,1,1,1,1,1,9,10,900
4,4,200,1,2,0,2,1,0,0,1,1,1,1,0,0,1,1,1,0,9,7,1650
4,4,200,1,8,0,2,1,1,0,1,1,1,1,0,0,1,0,2,0,25,8,617
5,4,120,1,20,0,0,1,0,1,1,0,1,1,0,0,0,0,2,0,6,8,391
3,6,300,1,10,0,0,1,0,0,1,0,1,0,0,0,1,1,1,0,6,10,517
3,15,200,3,16,1,0,1,1,0,1,1,1,0,0,1,0,1,1,0,5,5,950
10,8,100,1,8,4,0,1,1,1,1,2,1,0,1,1,2,1,1,0,52,6,920
5,5,140,1,2,1,0,1,0,0,1,1,0,0,0,0,0,0,2,0,7,5,376
5,4,400,1,4,4,0,2,1,1,1,2,2,1,1,2,1,2,1,2,15,16,909
3,4,90,1,14,1,1,1,0,1,1,1,1,1,0,0,1,0,1,0,10,8,900
7,5,525,3,10,0,2,2,2,1,1,3,1,1,2,0,2,0,0,1,14,10,781
6,3,200,2,14,0,2,1,0,1,1,1,1,1,1,0,0,0,0,0,5,10,824
3,4,120,1,20,0,1,1,1,0,1,1,1,0,0,1,0,0,3,0,11,8,436
3,4,1200,1,4,1,0,1,0,1,1,1,1,0,1,0,0,0,1,0,17,8,630
5,4,200,1,6,0,2,1,0,0,1,1,1,0,0,0,0,0,2,0,15,6,817
5,5,140,1,2,1,0,1,0,0,1,1,0,0,0,0,0,0,2,0,7,5,376
4,5,200,1,20,1,0,1,0,1,1,1,1,1,0,0,1,0,0,0,16,8,864
6,3,200,2,14,0,2,1,0,1,1,1,1,1,1,0,0,0,0,0,5,10,824
5,5,130,1,8,3,0,1,0,1,1,0,1,1,1,1,0,0,3,0,22,5,1158
5,3,150,1,4,1,1,1,1,1,1,2,1,0,0,1,0,0,1,0,18,9,666
4,5,200,1,12,1,0,1,1,1,1,1,1,1,0,0,1,0,3,1,11,6,750
5,5,1000,3,10,0,0,0,0,0,0,0,0,0,0,0,0,0,0,0,7,8,550
3,4,1200,1,4,1,0,1,0,1,1,1,1,0,1,0,0,0,1,0,17,8,630
6,4,120,2,8,1,0,1,0,0,1,1,1,0,0,0,1,1,2,0,13,9,530
6,6,500,1,6,1,1,1,0,0,1,1,1,1,0,0,0,1,0,0,6,7,711
4,6,120,1,4,1,0,1,0,1,1,2,1,1,1,0,1,1,2,0,7,10,1210
6,4,120,2,8,1,0,1,0,0,1,1,1,0,0,0,1,1,2,0,13,9,530
5,4,160,1,6,0,2,2,0,0,1,1,1,0,0,0,0,2,2,0,27,5,600
5,4,120,1,20,0,0,1,0,1,1,0,1,1,0,0,0,0,2,0,6,8,391
8,7,500,2,4,7,3,2,1,0,1,4,1,1,1,0,0,1,3,1,24,12,1724
6,6,500,1,4,0,0,1,1,0,1,1,1,1,1,0,0,0,0,1,18,10,795
8,7,500,2,4,7,3,2,1,0,1,4,1,1,1,0,0,1,3,1,24,12,1724
5,5,1000,3,10,0,0,0,0,0,0,0,0,0,0,0,0,0,0,0,7,8,550
6,5,400,1,16,3,0,1,0,1,1,1,1,1,0,1,1,0,2,0,17,5,875
5,5,125,4,2,0,1,1,0,1,1,1,1,1,0,0,0,0,1,0,9,7,720
3,4,1200,1,4,1,0,1,0,1,1,1,1,0,1,0,0,0,1,0,17,8,630
5,5,1000,3,10,0,0,0,0,0,0,0,0,0,0,0,0,0,0,0,7,8,550
5,5,100,4,2,0,0,1,1,0,0,1,1,1,0,0,0,1,0,0,5,7,360
5,4,200,1,6,0,2,1,0,0,1,1,1,0,0,0,0,0,2,0,15,6,817
8,4,300,2,6,2,2,2,1,1,1,2,1,1,1,0,1,0,3,1,33,19,1690
3,15,200,3,16,1,0,1,1,0,1,1,1,0,0,1,0,1,1,0,5,5,950
7,5,525,3,10,0,2,2,2,1,1,3,1,1,2,0,2,0,0,1,14,10,781
5,4,120,1,20,0,0,1,0,1,1,0,1,1,0,0,0,0,2,0,6,8,391
7,5,525,3,10,0,2,2,2,1,1,3,1,1,2,0,2,0,0,1,14,10,781
6,3,250,2,4,1,1,2,1,1,1,1,1,1,1,0,0,0,1,0,19,9,1236
10,5,350,2,2,2,1,1,1,0,1,1,1,1,0,0,0,2,3,0,20,6,945
6,6,500,1,4,0,0,1,1,0,1,1,1,1,1,0,0,0,0,1,18,10,795
3,15,200,3,16,1,0,1,1,0,1,1,1,0,0,1,0,1,1,0,5,5,950
5,5,140,1,2,1,0,1,0,0,1,1,0,0,0,0,0,0,2,0,7,5,376
4,3,200,3,14,0,1,1,0,1,1,1,1,1,0,0,0,0,0,0,28,15,625
5,4,120,1,20,0,0,1,0,1,1,0,1,1,0,0,0,0,2,0,6,8,391
4,4,200,1,2,0,2,1,0,0,1,1,1,1,0,0,1,1,1,0,9,7,1650
10,8,100,1,8,4,0,1,1,1,1,2,1,0,1,1,2,1,1,0,52,6,920
5,5,130,1,8,3,0,1,0,1,1,0,1,1,1,1,0,0,3,0,22,5,1158
5,4,400,1,4,4,0,2,1,1,1,2,2,1,1,2,1,2,1,2,15,16,909
4,5,220,3,8,0,1,1,0,0,1,1,1,0,0,0,0,1,0,0,11,5,777
5,5,140,1,2,1,0,1,0,0,1,1,0,0,0,0,0,0,2,0,7,5,376
6,6,500,1,4,1,0,1,0,0,0,0,1,0,1,0,0,0,0,0,7,6,679
5,4,200,1,6,0,2,1,0,0,1,1,1,0,0,0,0,0,2,0,15,6,817
9,8,400,2,8,4,0,2,1,1,1,3,1,1,1,0,1,1,2,0,25,19,870
6,6,500,1,4,1,0,1,0,0,0,0,1,0,1,0,0,0,0,0,7,6,679
10,8,100,1,8,4,0,1,1,1,1,2,1,0,1,1,2,1,1,0,52,6,920
5,4,400,1,4,4,0,2,1,1,1,2,2,1,1,2,1,2,1,2,15,16,909
5,5,1000,3,10,0,0,0,0,0,0,0,0,0,0,0,0,0,0,0,7,8,550
6,3,200,2,14,0,2,1,0,1,1,1,1,1,1,0,0,0,0,0,5,10,824
4,3,200,3,14,0,1,1,0,1,1,1,1,1,0,0,0,0,0,0,28,15,625
10,8,100,1,8,4,0,1,1,1,1,2,1,0,1,1,2,1,1,0,52,6,920
22,5,840,2,10,8,1,2,2,1,1,0,2,0,1,1,1,3,4,1,32,11,815
5,4,120,1,20,0,0,1,0,1,1,0,1,1,0,0,0,0,2,0,6,8,391
7,5,525,3,10,0,2,2,2,1,1,3,1,1,2,0,2,0,0,1,14,10,781
6,4,120,2,8,1,0,1,0,0,1,1,1,0,0,0,1,1,2,0,13,9,530
5,5,140,1,2,1,0,1,0,0,1,1,0,0,0,0,0,0,2,0,7,5,376
4,3,200,3,14,0,1,1,0,1,1,1,1,1,0,0,0,0,0,0,28,15,625
6,4,120,2,8,1,0,1,0,0,1,1,1,0,0,0,1,1,2,0,13,9,530
6,4,120,2,8,1,0,1,0,0,1,1,1,0,0,0,1,1,2,0,13,9,530
3,3,120,1,2,0,0,1,1,0,1,0,1,0,0,0,0,0,1,0,9,9,690
4,4,120,1,6,0,0,1,1,0,0,0,1,1,0,0,0,0,1,0,9,9,516
6,3,250,2,4,1,1,2,1,1,1,1,1,1,1,0,0,0,1,0,19,9,1236
5,5,140,1,2,1,0,1,0,0,1,1,0,0,0,0,0,0,2,0,7,5,376
6,5,400,1,16,3,0,1,0,1,1,1,1,1,0,1,1,0,2,0,17,5,875
16,14,100,3,18,9,0,2,1,2,1,9,3,3,2,1,2,1,3,0,50,15,807
4,5,200,1,12,1,0,1,1,1,1,1,1,1,0,0,1,0,3,1,11,6,750
5,3,150,1,4,1,1,1,1,1,1,2,1,0,0,1,0,0,1,0,18,9,666
5,5,100,4,2,0,0,1,1,0,0,1,1,1,0,0,0,1,0,0,5,7,360
3,4,90,1,14,1,1,1,0,1,1,1,1,1,0,0,1,0,1,0,10,8,900
5,4,100,1,4,0,0,8,9,7,0,1,3,2,2,0,0,0,9,1,19,10,637
3,4,120,1,20,0,1,1,1,0,1,1,1,0,0,1,0,0,3,0,11,8,436
11,5,550,2,6,0,8,2,1,2,1,2,1,2,2,2,1,0,4,1,42,17,878
7,5,525,3,10,0,2,2,2,1,1,3,1,1,2,0,2,0,0,1,14,10,781
4,6,120,1,4,1,0,1,0,1,1,2,1,1,1,0,1,1,2,0,7,10,1210
5,5,125,4,2,0,1,1,0,1,1,1,1,1,0,0,0,0,1,0,9,7,720
4,6,120,1,4,1,0,1,0,1,1,2,1,1,1,0,1,1,2,0,7,10,1210
11,5,550,2,6,0,8,2,1,2,1,2,1,2,2,2,1,0,4,1,42,17,878
7,5,525,3,10,0,2,2,2,1,1,3,1,1,2,0,2,0,0,1,14,10,781
8,7,500,2,4,7,3,2,1,0,1,4,1,1,1,0,0,1,3,1,24,12,1724
5,4,160,1,6,0,2,2,0,0,1,1,1,0,0,0,0,2,2,0,27,5,600
5,4,200,1,6,0,2,1,0,0,1,1,1,0,0,0,0,0,2,0,15,6,817
5,4,100,1,4,0,0,8,9,7,0,1,3,2,2,0,0,0,9,1,19,10,637
5,4,100,1,4,0,0,8,9,7,0,1,3,2,2,0,0,0,9,1,19,10,637
5,5,125,4,2,0,1,1,0,1,1,1,1,1,0,0,0,0,1,0,9,7,720
7,5,525,3,10,0,2,2,2,1,1,3,1,1,2,0,2,0,0,1,14,10,781
22,5,840,2,10,8,1,2,2,1,1,0,2,0,1,1,1,3,4,1,32,11,815
3,3,120,1,2,0,0,1,1,0,1,0,1,0,0,0,0,0,1,0,9,9,690
3,4,1200,1,4,1,0,1,0,1,1,1,1,0,1,0,0,0,1,0,17,8,630
6,4,120,2,8,1,0,1,0,0,1,1,1,0,0,0,1,1,2,0,13,9,530
10,5,350,2,2,2,1,1,1,0,1,1,1,1,0,0,0,2,3,0,20,6,945
5,5,125,4,2,0,1,1,0,1,1,1,1,1,0,0,0,0,1,0,9,7,720
4,5,200,1,20,1,0,1,0,1,1,1,1,1,0,0,1,0,0,0,16,8,864
16,14,100,3,18,9,0,2,1,2,1,9,3,3,2,1,2,1,3,0,50,15,807
10,8,100,1,8,4,0,1,1,1,1,2,1,0,1,1,2,1,1,0,52,6,920
14,12,500,2,2,7,2,1,1,1,1,8,2,1,0,0,1,0,1,0,48,20,1350
6,6,500,1,6,1,1,1,0,0,1,1,1,1,0,0,0,1,0,0,6,7,711
